  0
SECTION
  2
HEADER
  9
$ACADVER
  1
AC1009
  9
$INSBASE
 10
0.0
 20
0.0
 30
0.0
  9
$EXTMIN
 10
0.0
 20
0.0
 30
0.0
  9
$EXTMAX
 10
300.0
 20
160.0
 30
0.0
  9
$LIMMIN
 10
0.0
 20
0.0
  9
$LIMMAX
 10
420.0
 20
297.0
  9
$ORTHOMODE
 70
     0
  9
$REGENMODE
 70
     1
  9
$FILLMODE
 70
     1
  9
$QTEXTMODE
 70
     0
  9
$MIRRTEXT
 70
     0
  9
$DRAGMODE
 70
     2
  9
$LTSCALE
 40
1.0
  9
$OSMODE
 70
    37
  9
$ATTMODE
 70
     1
  9
$TEXTSIZE
 40
2.5
  9
$TRACEWID
 40
1.0
  9
$TEXTSTYLE
  7
STANDARD
  9
$CLAYER
  8
0
  9
$CELTYPE
  6
BYLAYER
  9
$CECOLOR
 62
   256
  9
$DIMSCALE
 40
1.0
  9
$DIMASZ
 40
2.5
  9
$DIMEXO
 40
0.625
  9
$DIMDLI
 40
3.75
  9
$DIMRND
 40
0.0
  9
$DIMDLE
 40
0.0
  9
$DIMEXE
 40
1.25
  9
$DIMTP
 40
0.0
  9
$DIMTM
 40
0.0
  9
$DIMTXT
 40
2.5
  9
$DIMCEN
 40
2.5
  9
$DIMTSZ
 40
0.0
  9
$DIMTOL
 70
     0
  9
$DIMLIM
 70
     0
  9
$DIMTIH
 70
     0
  9
$DIMTOH
 70
     0
  9
$DIMSE1
 70
     0
  9
$DIMSE2
 70
     0
  9
$DIMTAD
 70
     1
  9
$DIMZIN
 70
     8
  9
$DIMBLK
  1

  9
$DIMASO
 70
     1
  9
$DIMSHO
 70
     1
  9
$DIMPOST
  1

  9
$DIMAPOST
  1

  9
$DIMALT
 70
     0
  9
$DIMALTD
 70
     3
  9
$DIMALTF
 40
0.03937007874016
  9
$DIMLFAC
 40
1.0
  9
$DIMTOFL
 70
     1
  9
$DIMTVP
 40
0.0
  9
$DIMTIX
 70
     0
  9
$DIMSOXD
 70
     0
  9
$DIMSAH
 70
     0
  9
$DIMBLK1
  1

  9
$DIMBLK2
  1

  9
$DIMSTYLE
  2
ISO-25
  9
$DIMCLRD
 70
     0
  9
$DIMCLRE
 70
     0
  9
$DIMCLRT
 70
     0
  9
$DIMTFAC
 40
1.0
  9
$DIMGAP
 40
0.625
  9
$LUNITS
 70
     2
  9
$LUPREC
 70
     2
  9
$SKETCHINC
 40
1.0
  9
$FILLETRAD
 40
0.0
  9
$AUNITS
 70
     0
  9
$AUPREC
 70
     0
  9
$MENU
  1
.
  9
$ELEVATION
 40
0.0
  9
$PELEVATION
 40
0.0
  9
$THICKNESS
 40
0.0
  9
$LIMCHECK
 70
     0
  9
$BLIPMODE
 70
     0
  9
$CHAMFERA
 40
0.0
  9
$CHAMFERB
 40
0.0
  9
$SKPOLY
 70
     0
  9
$TDCREATE
 40
2455429.4239673382
  9
$TDUPDATE
 40
2455625.578549074
  9
$TDINDWG
 40
0.4742426736
  9
$TDUSRTIMER
 40
0.4742426736
  9
$USRTIMER
 70
     1
  9
$ANGBASE
 50
0.0
  9
$ANGDIR
 70
     0
  9
$PDMODE
 70
     0
  9
$PDSIZE
 40
0.0
  9
$PLINEWID
 40
0.0
  9
$COORDS
 70
     1
  9
$SPLFRAME
 70
     0
  9
$SPLINETYPE
 70
     6
  9
$SPLINESEGS
 70
     8
  9
$ATTDIA
 70
     1
  9
$ATTREQ
 70
     1
  9
$HANDLING
 70
     1
  9
$HANDSEED
  5
1504
  9
$SURFTAB1
 70
     6
  9
$SURFTAB2
 70
     6
  9
$SURFTYPE
 70
     6
  9
$SURFU
 70
     6
  9
$SURFV
 70
     6
  9
$UCSNAME
  2

  9
$UCSORG
 10
0.0
 20
0.0
 30
0.0
  9
$UCSXDIR
 10
1.0
 20
0.0
 30
0.0
  9
$UCSYDIR
 10
0.0
 20
1.0
 30
0.0
  9
$PUCSNAME
  2

  9
$PUCSORG
 10
0.0
 20
0.0
 30
0.0
  9
$PUCSXDIR
 10
1.0
 20
0.0
 30
0.0
  9
$PUCSYDIR
 10
0.0
 20
1.0
 30
0.0
  9
$USERI1
 70
     0
  9
$USERI2
 70
     0
  9
$USERI3
 70
     0
  9
$USERI4
 70
     0
  9
$USERI5
 70
     0
  9
$USERR1
 40
0.0
  9
$USERR2
 40
0.0
  9
$USERR3
 40
0.0
  9
$USERR4
 40
0.0
  9
$USERR5
 40
0.0
  9
$WORLDVIEW
 70
     1
  9
$SHADEDGE
 70
     3
  9
$SHADEDIF
 70
    70
  9
$TILEMODE
 70
     1
  9
$MAXACTVP
 70
    64
  9
$PLIMCHECK
 70
     0
  9
$PEXTMIN
 10
0.0
 20
0.0
 30
0.0
  9
$PEXTMAX
 10
0.0
 20
0.0
 30
0.0
  9
$PLIMMIN
 10
0.0
 20
0.0
  9
$PLIMMAX
 10
12.0
 20
9.0
  9
$UNITMODE
 70
     0
  9
$VISRETAIN
 70
     1
  9
$PLINEGEN
 70
     0
  9
$PSLTSCALE
 70
     1
  0
ENDSEC
  0
SECTION
  2
TABLES
  0
TABLE
  2
VPORT
 70
     1
  0
VPORT
  2
*ACTIVE
 70
     0
 10
0.0
 20
0.0
 11
1.0
 21
1.0
 12
172.09395450578589
 22
101.1256807339203
 13
0.0
 23
0.0
 14
10.0
 24
10.0
 15
10.0
 25
10.0
 16
0.0
 26
0.0
 36
1.0
 17
0.0
 27
0.0
 37
0.0
 40
238.19412652652821
 41
1.695121951219511
 42
50.0
 43
0.0
 44
0.0
 50
0.0
 51
0.0
 71
     0
 72
  1000
 73
     1
 74
     3
 75
     0
 76
     0
 77
     0
 78
     0
  0
ENDTAB
  0
TABLE
  2
LTYPE
 70
    19
  0
LTYPE
  2
CONTINUOUS
 70
     0
  3
Solid line
 72
    65
 73
     0
 40
0.0
  0
LTYPE
  2
HIDDEN
 70
     0
  3
Verdeckt
 72
    65
 73
     2
 40
9.5250000000000004
 49
6.3499999999999988
 49
-3.1749999999999989
  0
LTYPE
  2
PHANTOM2
 70
     0
  3
Phantom (.5x) ___ _ _ ___ _ _ ___ _ _ ___ _ _
 72
    65
 73
     6
 40
31.75
 49
15.875
 49
-3.1749999999999989
 49
3.1749999999999989
 49
-3.1749999999999989
 49
3.1749999999999989
 49
-3.1749999999999989
  0
LTYPE
  2
CENTER
 70
     0
  3
Mitte ____ _ ____ _ ____ _ ____ _ ____ _ ____
 72
    65
 73
     4
 40
50.799999999999997
 49
31.75
 49
-6.3499999999999988
 49
6.3499999999999988
 49
-6.3499999999999988
  0
LTYPE
  2
AM_ISO02W050
 70
     0
  3
__ __ __ __ __ __ __ __ __ __ __ __ __ __ __
 72
    65
 73
     2
 40
7.5
 49
6.0
 49
-1.5
  0
LTYPE
  2
AM_ISO08W050
 70
     0
  3
____ . ____ . ____ . ____ . ____ . ____ . ____
 72
    65
 73
     4
 40
18.0
 49
12.0
 49
-1.5
 49
3.0
 49
-1.5
  0
LTYPE
  2
AM_ISO09W050
 70
     0
  3
_____ . . _____ . . _____ . . ____ .. ____
 72
    65
 73
     6
 40
22.5
 49
12.0
 49
-1.5
 49
3.0
 49
-1.5
 49
3.0
 49
-1.5
  0
LTYPE
  2
AMCONSTR
 70
     0
  3
_______________________
 72
    65
 73
     2
 40
9999.0
 49
9999.0
 49
0.0
  0
LTYPE
  2
AM_ISO08W050X2
 70
     0
  3
__ . __ . __ . __ . __ . __
 72
    65
 73
     4
 40
9.0
 49
6.0
 49
-0.75
 49
1.5
 49
-0.75
  0
LTYPE
  2
AM_ISO02W050X2
 70
     0
  3
 _ _ _ _ _ _ _ _ _ _ _ _
 72
    65
 73
     2
 40
3.75
 49
3.0
 49
-0.75
  0
LTYPE
  2
AMZIGZAG
 70
     0
  3
/\/-/\/-/\/-/\/-/\/-/\/
 72
    65
 73
     2
 40
11.0001
 49
0.0001
 49
-11.0
  0
LTYPE
  2
AM_DIN_F_W050
 70
     0
  3
__ __ __ __ __ __ __ __ __ __ __ __ __ __ __
 72
    65
 73
     2
 40
6.25
 49
4.75
 49
-1.5
  0
LTYPE
  2
AM_DIN_G_W050
 70
     0
  3
____ . ____ . ____ . ____ . ____ . ____ . ____
 72
    65
 73
     4
 40
13.75
 49
9.75
 49
-1.5
 49
1.0
 49
-1.5
  0
LTYPE
  2
AM_DIN_K_W050
 70
     0
  3
_____ . . _____ . . _____ . . ____ .. ____
 72
    65
 73
     6
 40
16.25
 49
9.75
 49
-1.5
 49
1.0
 49
-1.5
 49
1.0
 49
-1.5
  0
LTYPE
  2
AM_DIN_G_W050X2
 70
     0
  3
__ . __ . __ . __ . __ . __
 72
    65
 73
     4
 40
6.875
 49
4.75
 49
-0.875
 49
0.375
 49
-0.875
  0
LTYPE
  2
AM_DIN_F_W050X2
 70
     0
  3
 _ _ _ _ _ _ _ _ _ _ _ _
 72
    65
 73
     2
 40
3.125
 49
2.25
 49
-0.875
  0
LTYPE
  2
ACDINWELD
 70
     0
  3
_ _ _ _ _
 72
    65
 73
     2
 40
2.0
 49
2.0
 49
-1.0
  0
LTYPE
  2
ACDINTGB
 70
     0
  3
__ . . __ . .
 72
    65
 73
     6
 40
9.0
 49
4.0
 49
-1.0
 49
1.0
 49
-1.0
 49
1.0
 49
-1.0
  0
LTYPE
  2
ACDINTGL
 70
     0
  3
_ _ _ _ _
 72
    65
 73
     2
 40
3.0
 49
2.0
 49
-1.0
  0
ENDTAB
  0
TABLE
  2
LAYER
 70
    10
  0
LAYER
  2
0
 70
     0
 62
     7
  6
CONTINUOUS
  0
LAYER
  2
TOPLAYER
 70
     0
 62
     1
  6
CONTINUOUS
  0
LAYER
  2
BOTTOMLAYER
 70
     0
 62
     5
  6
CONTINUOUS
  0
LAYER
  2
MECHANICAL1
 70
     0
 62
     6
  6
CONTINUOUS
  0
LAYER
  2
TOPOVERLAY
 70
     0
 62
     2
  6
CONTINUOUS
  0
LAYER
  2
MULTILAYER
 70
     0
 62
     9
  6
CONTINUOUS
  0
LAYER
  2
TOPPASTE
 70
     0
 62
     8
  6
CONTINUOUS
  0
LAYER
  2
BOTTOMPASTE
 70
     0
 62
    16
  6
CONTINUOUS
  0
LAYER
  2
TOPSOLDER
 70
     0
 62
   216
  6
CONTINUOUS
  0
LAYER
  2
BOTTOMSOLDER
 70
     0
 62
     6
  6
CONTINUOUS
  0
ENDTAB
  0
TABLE
  2
STYLE
 70
     5
  0
STYLE
  2
STANDARD
 70
     0
 40
0.0
 41
1.0
 50
0.0
 71
     0
 42
2.5
  3
txt
  4

  0
STYLE
  2

 70
     1
 40
0.0
 41
1.0
 50
0.0
 71
     0
 42
2.5
  3
genltshp.shx
  4

  0
STYLE
  2
ACDINTS
 70
     0
 40
1.0
 41
1.0
 50
0.0
 71
     0
 42
2.5
  3
isocp.shx
  4

  0
STYLE
  2
ACDINGDT
 70
     0
 40
0.0
 41
1.0
 50
0.0
 71
     0
 42
2.5
  3
amgdt.shx
  4

  0
STYLE
  2
ANNOTATIVE
 70
     0
 40
0.0
 41
1.0
 50
0.0
 71
     0
 42
0.2
  3
txt
  4

  0
ENDTAB
  0
TABLE
  2
VIEW
 70
     0
  0
ENDTAB
  0
TABLE
  2
UCS
 70
     0
  0
ENDTAB
  0
TABLE
  2
APPID
 70
    18
  0
APPID
  2
ACAD
 70
     0
  0
APPID
  2
ACAD_PSEXT
 70
     0
  0
APPID
  2
DCO15
 70
     0
  0
APPID
  2
MCAD_NO_VIS
 70
     0
  0
APPID
  2
ACAD_TEMP_GRAPHIC
 70
     0
  0
APPID
  2
AD_DRAW
 70
     0
  0
APPID
  2
ACATTRIBSERVICES
 70
     0
  0
APPID
  2
DESIGNERASSEMBLIES
 70
     0
  0
APPID
  2
ACADM_DIM_EDIT
 70
     0
  0
APPID
  2
AMDT_DM_ADJ
 70
     0
  0
APPID
  2
ACAD_DSTYLE_DIMJAG
 70
     0
  0
APPID
  2
ACAD_DSTYLE_DIMBREAK
 70
     0
  0
APPID
  2
ACAD_EXEMPT_FROM_CAD_STANDARDS
 70
     0
  0
APPID
  2
GENIUS_GENREC_14
 70
     0
  0
APPID
  2
GENIUS_GENODEF_13
 70
     0
  0
APPID
  2
GENIUS_GENOBJ-N-REC_13
 70
     0
  0
APPID
  2
ACADANNOTATIVE
 70
     0
  0
APPID
  2
ACAD_MLEADERVER
 70
     0
  0
ENDTAB
  0
TABLE
  2
DIMSTYLE
 70
    10
  0
DIMSTYLE
  2
ISO-25
 70
     0
  3

  4

  5

  6

  7

 40
1.0
 41
2.5
 42
0.625
 43
3.75
 44
1.25
 45
0.0
 46
0.0
 47
0.0
 48
0.0
140
2.5
141
2.5
142
0.0
143
0.03937007874016
144
1.0
145
0.0
146
1.0
147
0.625
 71
     0
 72
     0
 73
     0
 74
     0
 75
     0
 76
     0
 77
     1
 78
     8
170
     0
171
     3
172
     1
173
     0
174
     0
175
     0
176
     0
177
     0
178
     0
  0
DIMSTYLE
  2
STANDARD
 70
     0
  3

  4

  5

  6

  7

 40
1.0
 41
0.18
 42
0.0625
 43
0.38
 44
0.18
 45
0.0
 46
0.0
 47
0.0
 48
0.0
140
0.18
141
0.09
142
0.0
143
25.399999999999999
144
1.0
145
0.0
146
1.0
147
0.09
 71
     0
 72
     0
 73
     1
 74
     1
 75
     0
 76
     0
 77
     0
 78
     0
170
     0
171
     2
172
     0
173
     0
174
     0
175
     0
176
     0
177
     0
178
     0
  0
DIMSTYLE
  2
AM_DIN
 70
     0
  3

  4
"
  5

  6

  7

 40
1.0
 41
3.5
 42
1.0
 43
10.0
 44
1.0
 45
0.0
 46
0.0
 47
0.1
 48
0.1
140
3.5
141
0.0
142
0.0
143
0.0393701
144
1.0
145
0.0
146
0.71
147
1.5
 71
     0
 72
     0
 73
     0
 74
     0
 75
     0
 76
     0
 77
     1
 78
     8
170
     0
171
     2
172
     1
173
     0
174
     0
175
     0
176
   256
177
   256
178
     2
  0
DIMSTYLE
  2
AM_DIN$3
 70
     0
  3

  4
"
  5

  6

  7

 40
1.0
 41
3.5
 42
1.0
 43
10.0
 44
1.0
 45
0.0
 46
0.0
 47
0.1
 48
0.1
140
3.5
141
0.0
142
0.0
143
0.0393701
144
1.0
145
0.0
146
0.71
147
1.5
 71
     0
 72
     0
 73
     0
 74
     1
 75
     0
 76
     0
 77
     1
 78
     8
170
     0
171
     2
172
     0
173
     0
174
     0
175
     0
176
   256
177
   256
178
     2
  0
DIMSTYLE
  2
AM_DIN$4
 70
     0
  3

  4
"
  5

  6

  7

 40
1.0
 41
3.5
 42
1.0
 43
10.0
 44
1.0
 45
0.0
 46
0.0
 47
0.1
 48
0.1
140
3.5
141
0.0
142
0.0
143
0.0393701
144
1.0
145
0.0
146
0.71
147
1.5
 71
     0
 72
     0
 73
     0
 74
     1
 75
     0
 76
     0
 77
     1
 78
     8
170
     0
171
     2
172
     0
173
     0
174
     0
175
     0
176
   256
177
   256
178
     2
  0
DIMSTYLE
  2
AM_DIN$6
 70
     0
  3

  4
"
  5

  6

  7

 40
1.0
 41
3.5
 42
1.0
 43
10.0
 44
1.0
 45
0.0
 46
0.0
 47
0.1
 48
0.1
140
3.5
141
0.0
142
0.0
143
0.0393701
144
1.0
145
0.0
146
0.71
147
1.5
 71
     0
 72
     0
 73
     0
 74
     0
 75
     0
 76
     0
 77
     0
 78
     8
170
     0
171
     2
172
     1
173
     0
174
     0
175
     0
176
   256
177
   256
178
     2
  0
DIMSTYLE
  2
AM_DIN$7
 70
     0
  3

  4
"
  5

  6

  7

 40
1.0
 41
3.5
 42
1.0
 43
10.0
 44
1.0
 45
0.0
 46
0.0
 47
0.1
 48
0.1
140
3.5
141
0.0
142
0.0
143
0.0393701
144
1.0
145
0.0
146
0.71
147
1.5
 71
     0
 72
     0
 73
     0
 74
     0
 75
     0
 76
     0
 77
     1
 78
     8
170
     0
171
     2
172
     1
173
     0
174
     0
175
     0
176
   256
177
   256
178
     2
  0
DIMSTYLE
  2
AM_DIN$SF
 70
     0
  3

  4
"
  5

  6

  7

 40
1.0
 41
3.5
 42
1.0
 43
10.0
 44
1.0
 45
0.0
 46
0.0
 47
0.1
 48
0.1
140
3.5
141
0.0
142
0.0
143
0.0393701
144
1.0
145
0.0
146
0.71
147
1.5
 71
     0
 72
     0
 73
     0
 74
     0
 75
     1
 76
     1
 77
     1
 78
     8
170
     0
171
     2
172
     1
173
     0
174
     0
175
     0
176
   256
177
   256
178
     2
  0
DIMSTYLE
  2
AM_DIN$SH
 70
     0
  3

  4
"
  5

  6
GENAXEH
  7

 40
1.0
 41
3.5
 42
1.0
 43
10.0
 44
1.0
 45
0.0
 46
0.0
 47
0.1
 48
0.1
140
3.5
141
0.0
142
0.0
143
0.0393701
144
2.0
145
0.0
146
0.71
147
1.5
 71
     0
 72
     0
 73
     0
 74
     0
 75
     1
 76
     1
 77
     1
 78
     8
170
     0
171
     2
172
     1
173
     1
174
     0
175
     0
176
   256
177
   256
178
     2
  0
DIMSTYLE
  2
ANNOTATIVE
 70
     0
  3

  4

  5

  6

  7

 40
1.0
 41
0.18
 42
0.0625
 43
0.38
 44
0.18
 45
0.0
 46
0.0
 47
0.0
 48
0.0
140
0.18
141
0.09
142
0.0
143
25.399999999999999
144
1.0
145
0.0
146
1.0
147
0.09
 71
     0
 72
     0
 73
     1
 74
     1
 75
     0
 76
     0
 77
     0
 78
     0
170
     0
171
     2
172
     0
173
     0
174
     0
175
     0
176
     0
177
     0
178
     0
  0
ENDTAB
  0
ENDSEC
  0
SECTION
  2
BLOCKS
  0
BLOCK
  8
0
  2
$MODEL_SPACE
 70
     0
 10
0.0
 20
0.0
 30
0.0
  3
$MODEL_SPACE
  1

  0
ENDBLK
  5
21
  8
0
  0
BLOCK
 67
     1
  8
0
  2
$PAPER_SPACE
 70
     0
 10
0.0
 20
0.0
 30
0.0
  3
$PAPER_SPACE
  1

  0
ENDBLK
  5
D5
 67
     1
  8
0
  0
BLOCK
  8
0
  2
A$C6B2151FC
 70
     0
 10
0.0
 20
0.0
 30
0.0
  3
A$C6B2151FC
  1

  0
LINE
  5
8BC
  8
0
 10
-34.368583157629303
 20
0.0
 30
0.0
 11
0.0
 21
0.0
 31
0.0
  0
ENDBLK
  5
8BE
  8
0
  0
BLOCK
  8
0
  2
GENAXEH
 70
     0
 10
0.0
 20
0.0
 30
0.0
  3
GENAXEH
  1

  0
LINE
  5
965
  8
0
 10
-1.0
 20
0.0
 30
0.0
 11
1.0
 21
0.0
 31
0.0
  0
ENDBLK
  5
967
  8
0
  0
BLOCK
  8
0
  2
RES400_RES400_P________1
 70
     0
 10
0.0
 20
0.0
 30
0.0
  3
RES400_RES400_P________1
  1

  0
POLYLINE
  5
A35
  8
TOPOVERLAY
 66
     1
 10
0.0
 20
0.0
 30
0.0
 40
0.01
 41
0.01
 75
     8
  0
VERTEX
  5
A36
  8
TOPOVERLAY
 10
0.05
 20
0.05
 30
0.0
  0
VERTEX
  5
A37
  8
TOPOVERLAY
 10
0.35
 20
0.05
 30
0.0
  0
SEQEND
  5
A38
  8
0
  0
POLYLINE
  5
A39
  8
TOPOVERLAY
 66
     1
 10
0.0
 20
0.0
 30
0.0
 70
     1
 40
0.005
 41
0.005
 75
     8
  0
VERTEX
  5
A3A
  8
TOPOVERLAY
 10
0.0475
 20
0.05
 30
0.0
 42
1.0
  0
VERTEX
  5
A3B
  8
TOPOVERLAY
 10
0.0525
 20
0.05
 30
0.0
 42
1.0
  0
SEQEND
  5
A3C
  8
0
  0
POLYLINE
  5
A3D
  8
TOPOVERLAY
 66
     1
 10
0.0
 20
0.0
 30
0.0
 70
     1
 40
0.005
 41
0.005
 75
     8
  0
VERTEX
  5
A3E
  8
TOPOVERLAY
 10
0.3475
 20
0.05
 30
0.0
 42
1.0
  0
VERTEX
  5
A3F
  8
TOPOVERLAY
 10
0.3525
 20
0.05
 30
0.0
 42
1.0
  0
SEQEND
  5
A40
  8
0
  0
POLYLINE
  5
A41
  8
TOPOVERLAY
 66
     1
 10
0.0
 20
0.0
 30
0.0
 40
0.01
 41
0.01
 75
     8
  0
VERTEX
  5
A42
  8
TOPOVERLAY
 10
0.05
 20
-0.05
 30
0.0
  0
VERTEX
  5
A43
  8
TOPOVERLAY
 10
0.35
 20
-0.05
 30
0.0
  0
SEQEND
  5
A44
  8
0
  0
POLYLINE
  5
A45
  8
TOPOVERLAY
 66
     1
 10
0.0
 20
0.0
 30
0.0
 70
     1
 40
0.005
 41
0.005
 75
     8
  0
VERTEX
  5
A46
  8
TOPOVERLAY
 10
0.0475
 20
-0.05
 30
0.0
 42
1.0
  0
VERTEX
  5
A47
  8
TOPOVERLAY
 10
0.0525
 20
-0.05
 30
0.0
 42
1.0
  0
SEQEND
  5
A48
  8
0
  0
POLYLINE
  5
A49
  8
TOPOVERLAY
 66
     1
 10
0.0
 20
0.0
 30
0.0
 70
     1
 40
0.005
 41
0.005
 75
     8
  0
VERTEX
  5
A4A
  8
TOPOVERLAY
 10
0.3475
 20
-0.05
 30
0.0
 42
1.0
  0
VERTEX
  5
A4B
  8
TOPOVERLAY
 10
0.3525
 20
-0.05
 30
0.0
 42
1.0
  0
SEQEND
  5
A4C
  8
0
  0
POLYLINE
  5
A4D
  8
TOPOVERLAY
 66
     1
 10
0.0
 20
0.0
 30
0.0
 40
0.01
 41
0.01
 75
     8
  0
VERTEX
  5
A4E
  8
TOPOVERLAY
 10
0.35
 20
-0.05
 30
0.0
  0
VERTEX
  5
A4F
  8
TOPOVERLAY
 10
0.35
 20
0.05
 30
0.0
  0
SEQEND
  5
A50
  8
0
  0
POLYLINE
  5
A51
  8
TOPOVERLAY
 66
     1
 10
0.0
 20
0.0
 30
0.0
 70
     1
 40
0.005
 41
0.005
 75
     8
  0
VERTEX
  5
A52
  8
TOPOVERLAY
 10
0.3475
 20
-0.05
 30
0.0
 42
1.0
  0
VERTEX
  5
A53
  8
TOPOVERLAY
 10
0.3525
 20
-0.05
 30
0.0
 42
1.0
  0
SEQEND
  5
A54
  8
0
  0
POLYLINE
  5
A55
  8
TOPOVERLAY
 66
     1
 10
0.0
 20
0.0
 30
0.0
 70
     1
 40
0.005
 41
0.005
 75
     8
  0
VERTEX
  5
A56
  8
TOPOVERLAY
 10
0.3475
 20
0.05
 30
0.0
 42
1.0
  0
VERTEX
  5
A57
  8
TOPOVERLAY
 10
0.3525
 20
0.05
 30
0.0
 42
1.0
  0
SEQEND
  5
A58
  8
0
  0
POLYLINE
  5
A59
  8
TOPOVERLAY
 66
     1
 10
0.0
 20
0.0
 30
0.0
 40
0.01
 41
0.01
 75
     8
  0
VERTEX
  5
A5A
  8
TOPOVERLAY
 10
0.35
 20
0.0
 30
0.0
  0
VERTEX
  5
A5B
  8
TOPOVERLAY
 10
0.4
 20
0.0
 30
0.0
  0
SEQEND
  5
A5C
  8
0
  0
POLYLINE
  5
A5D
  8
TOPOVERLAY
 66
     1
 10
0.0
 20
0.0
 30
0.0
 70
     1
 40
0.005
 41
0.005
 75
     8
  0
VERTEX
  5
A5E
  8
TOPOVERLAY
 10
0.3475
 20
0.0
 30
0.0
 42
1.0
  0
VERTEX
  5
A5F
  8
TOPOVERLAY
 10
0.3525
 20
0.0
 30
0.0
 42
1.0
  0
SEQEND
  5
A60
  8
0
  0
POLYLINE
  5
A61
  8
TOPOVERLAY
 66
     1
 10
0.0
 20
0.0
 30
0.0
 70
     1
 40
0.005
 41
0.005
 75
     8
  0
VERTEX
  5
A62
  8
TOPOVERLAY
 10
0.3975
 20
0.0
 30
0.0
 42
1.0
  0
VERTEX
  5
A63
  8
TOPOVERLAY
 10
0.4025000000000001
 20
0.0
 30
0.0
 42
1.0
  0
SEQEND
  5
A64
  8
0
  0
POLYLINE
  5
A65
  8
TOPOVERLAY
 66
     1
 10
0.0
 20
0.0
 30
0.0
 40
0.01
 41
0.01
 75
     8
  0
VERTEX
  5
A66
  8
TOPOVERLAY
 10
0.05
 20
-0.05
 30
0.0
  0
VERTEX
  5
A67
  8
TOPOVERLAY
 10
0.05
 20
0.05
 30
0.0
  0
SEQEND
  5
A68
  8
0
  0
POLYLINE
  5
A69
  8
TOPOVERLAY
 66
     1
 10
0.0
 20
0.0
 30
0.0
 70
     1
 40
0.005
 41
0.005
 75
     8
  0
VERTEX
  5
A6A
  8
TOPOVERLAY
 10
0.0475
 20
-0.05
 30
0.0
 42
1.0
  0
VERTEX
  5
A6B
  8
TOPOVERLAY
 10
0.0525
 20
-0.05
 30
0.0
 42
1.0
  0
SEQEND
  5
A6C
  8
0
  0
POLYLINE
  5
A6D
  8
TOPOVERLAY
 66
     1
 10
0.0
 20
0.0
 30
0.0
 70
     1
 40
0.005
 41
0.005
 75
     8
  0
VERTEX
  5
A6E
  8
TOPOVERLAY
 10
0.0475
 20
0.05
 30
0.0
 42
1.0
  0
VERTEX
  5
A6F
  8
TOPOVERLAY
 10
0.0525
 20
0.05
 30
0.0
 42
1.0
  0
SEQEND
  5
A70
  8
0
  0
POLYLINE
  5
A71
  8
TOPOVERLAY
 66
     1
 10
0.0
 20
0.0
 30
0.0
 40
0.01
 41
0.01
 75
     8
  0
VERTEX
  5
A72
  8
TOPOVERLAY
 10
0.0
 20
0.0
 30
0.0
  0
VERTEX
  5
A73
  8
TOPOVERLAY
 10
0.05
 20
0.0
 30
0.0
  0
SEQEND
  5
A74
  8
0
  0
POLYLINE
  5
A75
  8
TOPOVERLAY
 66
     1
 10
0.0
 20
0.0
 30
0.0
 70
     1
 40
0.005
 41
0.005
 75
     8
  0
VERTEX
  5
A76
  8
TOPOVERLAY
 10
-0.0025
 20
0.0
 30
0.0
 42
1.0
  0
VERTEX
  5
A77
  8
TOPOVERLAY
 10
0.0025
 20
0.0
 30
0.0
 42
1.0
  0
SEQEND
  5
A78
  8
0
  0
POLYLINE
  5
A79
  8
TOPOVERLAY
 66
     1
 10
0.0
 20
0.0
 30
0.0
 70
     1
 40
0.005
 41
0.005
 75
     8
  0
VERTEX
  5
A7A
  8
TOPOVERLAY
 10
0.0475
 20
0.0
 30
0.0
 42
1.0
  0
VERTEX
  5
A7B
  8
TOPOVERLAY
 10
0.0525
 20
0.0
 30
0.0
 42
1.0
  0
SEQEND
  5
A7C
  8
0
  0
POLYLINE
  5
A7D
  8
TOPLAYER
 66
     1
 10
0.0
 20
0.0
 30
0.0
 70
     1
 40
0.0295275
 41
0.0295275
 75
     8
  0
VERTEX
  5
A7E
  8
TOPLAYER
 10
0.3852362
 20
0.0
 30
0.0
 42
1.0
  0
VERTEX
  5
A7F
  8
TOPLAYER
 10
0.4147638000000001
 20
0.0
 30
0.0
 42
1.0
  0
SEQEND
  5
A80
  8
0
  0
POLYLINE
  5
A81
  8
BOTTOMLAYER
 66
     1
 10
0.0
 20
0.0
 30
0.0
 70
     1
 40
0.0295275
 41
0.0295275
 75
     8
  0
VERTEX
  5
A82
  8
BOTTOMLAYER
 10
0.3852362
 20
0.0
 30
0.0
 42
1.0
  0
VERTEX
  5
A83
  8
BOTTOMLAYER
 10
0.4147638000000001
 20
0.0
 30
0.0
 42
1.0
  0
SEQEND
  5
A84
  8
0
  0
POLYLINE
  5
A85
  8
TOPSOLDER
 66
     1
 10
0.0
 20
0.0
 30
0.0
 70
     1
 40
0.0335275
 41
0.0335275
 75
     8
  0
VERTEX
  5
A86
  8
TOPSOLDER
 10
0.3832362
 20
0.0
 30
0.0
 42
1.0
  0
VERTEX
  5
A87
  8
TOPSOLDER
 10
0.4167638000000001
 20
0.0
 30
0.0
 42
1.0
  0
SEQEND
  5
A88
  8
0
  0
POLYLINE
  5
A89
  8
BOTTOMSOLDER
 66
     1
 10
0.0
 20
0.0
 30
0.0
 70
     1
 40
0.0335275
 41
0.0335275
 75
     8
  0
VERTEX
  5
A8A
  8
BOTTOMSOLDER
 10
0.3832362
 20
0.0
 30
0.0
 42
1.0
  0
VERTEX
  5
A8B
  8
BOTTOMSOLDER
 10
0.4167638000000001
 20
0.0
 30
0.0
 42
1.0
  0
SEQEND
  5
A8C
  8
0
  0
POLYLINE
  5
A8D
  8
MULTILAYER
 66
     1
 10
0.0
 20
0.0
 30
0.0
 70
     1
 40
0.0295275
 41
0.0295275
 75
     8
  0
VERTEX
  5
A8E
  8
MULTILAYER
 10
0.3852362
 20
0.0
 30
0.0
 42
1.0
  0
VERTEX
  5
A8F
  8
MULTILAYER
 10
0.4147638000000001
 20
0.0
 30
0.0
 42
1.0
  0
SEQEND
  5
A90
  8
0
  0
POLYLINE
  5
A91
  8
TOPLAYER
 66
     1
 10
0.0
 20
0.0
 30
0.0
 70
     1
 40
0.0295275
 41
0.0295275
 75
     8
  0
VERTEX
  5
A92
  8
TOPLAYER
 10
-0.0147638
 20
0.0
 30
0.0
 42
1.0
  0
VERTEX
  5
A93
  8
TOPLAYER
 10
0.0147638
 20
0.0
 30
0.0
 42
1.0
  0
SEQEND
  5
A94
  8
0
  0
POLYLINE
  5
A95
  8
BOTTOMLAYER
 66
     1
 10
0.0
 20
0.0
 30
0.0
 70
     1
 40
0.0295275
 41
0.0295275
 75
     8
  0
VERTEX
  5
A96
  8
BOTTOMLAYER
 10
-0.0147638
 20
0.0
 30
0.0
 42
1.0
  0
VERTEX
  5
A97
  8
BOTTOMLAYER
 10
0.0147638
 20
0.0
 30
0.0
 42
1.0
  0
SEQEND
  5
A98
  8
0
  0
POLYLINE
  5
A99
  8
TOPSOLDER
 66
     1
 10
0.0
 20
0.0
 30
0.0
 70
     1
 40
0.0335275
 41
0.0335275
 75
     8
  0
VERTEX
  5
A9A
  8
TOPSOLDER
 10
-0.0167638
 20
0.0
 30
0.0
 42
1.0
  0
VERTEX
  5
A9B
  8
TOPSOLDER
 10
0.0167638
 20
0.0
 30
0.0
 42
1.0
  0
SEQEND
  5
A9C
  8
0
  0
POLYLINE
  5
A9D
  8
BOTTOMSOLDER
 66
     1
 10
0.0
 20
0.0
 30
0.0
 70
     1
 40
0.0335275
 41
0.0335275
 75
     8
  0
VERTEX
  5
A9E
  8
BOTTOMSOLDER
 10
-0.0167638
 20
0.0
 30
0.0
 42
1.0
  0
VERTEX
  5
A9F
  8
BOTTOMSOLDER
 10
0.0167638
 20
0.0
 30
0.0
 42
1.0
  0
SEQEND
  5
AA0
  8
0
  0
POLYLINE
  5
AA1
  8
MULTILAYER
 66
     1
 10
0.0
 20
0.0
 30
0.0
 70
     1
 40
0.0295275
 41
0.0295275
 75
     8
  0
VERTEX
  5
AA2
  8
MULTILAYER
 10
-0.0147638
 20
0.0
 30
0.0
 42
1.0
  0
VERTEX
  5
AA3
  8
MULTILAYER
 10
0.0147638
 20
0.0
 30
0.0
 42
1.0
  0
SEQEND
  5
AA4
  8
0
  0
ENDBLK
  5
AA5
  8
0
  0
BLOCK
  8
0
  2
RES400_RES400_P________2
 70
     0
 10
0.0
 20
0.0
 30
0.0
  3
RES400_RES400_P________2
  1

  0
POLYLINE
  5
AA8
  8
TOPOVERLAY
 66
     1
 10
0.0
 20
0.0
 30
0.0
 40
0.01
 41
0.01
 75
     8
  0
VERTEX
  5
AA9
  8
TOPOVERLAY
 10
0.05
 20
0.05
 30
0.0
  0
VERTEX
  5
AAA
  8
TOPOVERLAY
 10
0.35
 20
0.05
 30
0.0
  0
SEQEND
  5
AAB
  8
0
  0
POLYLINE
  5
AAC
  8
TOPOVERLAY
 66
     1
 10
0.0
 20
0.0
 30
0.0
 70
     1
 40
0.005
 41
0.005
 75
     8
  0
VERTEX
  5
AAD
  8
TOPOVERLAY
 10
0.0475
 20
0.05
 30
0.0
 42
1.0
  0
VERTEX
  5
AAE
  8
TOPOVERLAY
 10
0.0525
 20
0.05
 30
0.0
 42
1.0
  0
SEQEND
  5
AAF
  8
0
  0
POLYLINE
  5
AB0
  8
TOPOVERLAY
 66
     1
 10
0.0
 20
0.0
 30
0.0
 70
     1
 40
0.005
 41
0.005
 75
     8
  0
VERTEX
  5
AB1
  8
TOPOVERLAY
 10
0.3475
 20
0.05
 30
0.0
 42
1.0
  0
VERTEX
  5
AB2
  8
TOPOVERLAY
 10
0.3525
 20
0.05
 30
0.0
 42
1.0
  0
SEQEND
  5
AB3
  8
0
  0
POLYLINE
  5
AB4
  8
TOPOVERLAY
 66
     1
 10
0.0
 20
0.0
 30
0.0
 40
0.01
 41
0.01
 75
     8
  0
VERTEX
  5
AB5
  8
TOPOVERLAY
 10
0.05
 20
-0.05
 30
0.0
  0
VERTEX
  5
AB6
  8
TOPOVERLAY
 10
0.35
 20
-0.05
 30
0.0
  0
SEQEND
  5
AB7
  8
0
  0
POLYLINE
  5
AB8
  8
TOPOVERLAY
 66
     1
 10
0.0
 20
0.0
 30
0.0
 70
     1
 40
0.005
 41
0.005
 75
     8
  0
VERTEX
  5
AB9
  8
TOPOVERLAY
 10
0.0475
 20
-0.05
 30
0.0
 42
1.0
  0
VERTEX
  5
ABA
  8
TOPOVERLAY
 10
0.0525
 20
-0.05
 30
0.0
 42
1.0
  0
SEQEND
  5
ABB
  8
0
  0
POLYLINE
  5
ABC
  8
TOPOVERLAY
 66
     1
 10
0.0
 20
0.0
 30
0.0
 70
     1
 40
0.005
 41
0.005
 75
     8
  0
VERTEX
  5
ABD
  8
TOPOVERLAY
 10
0.3475
 20
-0.05
 30
0.0
 42
1.0
  0
VERTEX
  5
ABE
  8
TOPOVERLAY
 10
0.3525
 20
-0.05
 30
0.0
 42
1.0
  0
SEQEND
  5
ABF
  8
0
  0
POLYLINE
  5
AC0
  8
TOPOVERLAY
 66
     1
 10
0.0
 20
0.0
 30
0.0
 40
0.01
 41
0.01
 75
     8
  0
VERTEX
  5
AC1
  8
TOPOVERLAY
 10
0.35
 20
-0.05
 30
0.0
  0
VERTEX
  5
AC2
  8
TOPOVERLAY
 10
0.35
 20
0.05
 30
0.0
  0
SEQEND
  5
AC3
  8
0
  0
POLYLINE
  5
AC4
  8
TOPOVERLAY
 66
     1
 10
0.0
 20
0.0
 30
0.0
 70
     1
 40
0.005
 41
0.005
 75
     8
  0
VERTEX
  5
AC5
  8
TOPOVERLAY
 10
0.3475
 20
-0.05
 30
0.0
 42
1.0
  0
VERTEX
  5
AC6
  8
TOPOVERLAY
 10
0.3525
 20
-0.05
 30
0.0
 42
1.0
  0
SEQEND
  5
AC7
  8
0
  0
POLYLINE
  5
AC8
  8
TOPOVERLAY
 66
     1
 10
0.0
 20
0.0
 30
0.0
 70
     1
 40
0.005
 41
0.005
 75
     8
  0
VERTEX
  5
AC9
  8
TOPOVERLAY
 10
0.3475
 20
0.05
 30
0.0
 42
1.0
  0
VERTEX
  5
ACA
  8
TOPOVERLAY
 10
0.3525
 20
0.05
 30
0.0
 42
1.0
  0
SEQEND
  5
ACB
  8
0
  0
POLYLINE
  5
ACC
  8
TOPOVERLAY
 66
     1
 10
0.0
 20
0.0
 30
0.0
 40
0.01
 41
0.01
 75
     8
  0
VERTEX
  5
ACD
  8
TOPOVERLAY
 10
0.35
 20
0.0
 30
0.0
  0
VERTEX
  5
ACE
  8
TOPOVERLAY
 10
0.4
 20
0.0
 30
0.0
  0
SEQEND
  5
ACF
  8
0
  0
POLYLINE
  5
AD0
  8
TOPOVERLAY
 66
     1
 10
0.0
 20
0.0
 30
0.0
 70
     1
 40
0.005
 41
0.005
 75
     8
  0
VERTEX
  5
AD1
  8
TOPOVERLAY
 10
0.3475
 20
0.0
 30
0.0
 42
1.0
  0
VERTEX
  5
AD2
  8
TOPOVERLAY
 10
0.3525
 20
0.0
 30
0.0
 42
1.0
  0
SEQEND
  5
AD3
  8
0
  0
POLYLINE
  5
AD4
  8
TOPOVERLAY
 66
     1
 10
0.0
 20
0.0
 30
0.0
 70
     1
 40
0.005
 41
0.005
 75
     8
  0
VERTEX
  5
AD5
  8
TOPOVERLAY
 10
0.3975
 20
0.0
 30
0.0
 42
1.0
  0
VERTEX
  5
AD6
  8
TOPOVERLAY
 10
0.4025000000000001
 20
0.0
 30
0.0
 42
1.0
  0
SEQEND
  5
AD7
  8
0
  0
POLYLINE
  5
AD8
  8
TOPOVERLAY
 66
     1
 10
0.0
 20
0.0
 30
0.0
 40
0.01
 41
0.01
 75
     8
  0
VERTEX
  5
AD9
  8
TOPOVERLAY
 10
0.05
 20
-0.05
 30
0.0
  0
VERTEX
  5
ADA
  8
TOPOVERLAY
 10
0.05
 20
0.05
 30
0.0
  0
SEQEND
  5
ADB
  8
0
  0
POLYLINE
  5
ADC
  8
TOPOVERLAY
 66
     1
 10
0.0
 20
0.0
 30
0.0
 70
     1
 40
0.005
 41
0.005
 75
     8
  0
VERTEX
  5
ADD
  8
TOPOVERLAY
 10
0.0475
 20
-0.05
 30
0.0
 42
1.0
  0
VERTEX
  5
ADE
  8
TOPOVERLAY
 10
0.0525
 20
-0.05
 30
0.0
 42
1.0
  0
SEQEND
  5
ADF
  8
0
  0
POLYLINE
  5
AE0
  8
TOPOVERLAY
 66
     1
 10
0.0
 20
0.0
 30
0.0
 70
     1
 40
0.005
 41
0.005
 75
     8
  0
VERTEX
  5
AE1
  8
TOPOVERLAY
 10
0.0475
 20
0.05
 30
0.0
 42
1.0
  0
VERTEX
  5
AE2
  8
TOPOVERLAY
 10
0.0525
 20
0.05
 30
0.0
 42
1.0
  0
SEQEND
  5
AE3
  8
0
  0
POLYLINE
  5
AE4
  8
TOPOVERLAY
 66
     1
 10
0.0
 20
0.0
 30
0.0
 40
0.01
 41
0.01
 75
     8
  0
VERTEX
  5
AE5
  8
TOPOVERLAY
 10
0.0
 20
0.0
 30
0.0
  0
VERTEX
  5
AE6
  8
TOPOVERLAY
 10
0.05
 20
0.0
 30
0.0
  0
SEQEND
  5
AE7
  8
0
  0
POLYLINE
  5
AE8
  8
TOPOVERLAY
 66
     1
 10
0.0
 20
0.0
 30
0.0
 70
     1
 40
0.005
 41
0.005
 75
     8
  0
VERTEX
  5
AE9
  8
TOPOVERLAY
 10
-0.0025
 20
0.0
 30
0.0
 42
1.0
  0
VERTEX
  5
AEA
  8
TOPOVERLAY
 10
0.0025
 20
0.0
 30
0.0
 42
1.0
  0
SEQEND
  5
AEB
  8
0
  0
POLYLINE
  5
AEC
  8
TOPOVERLAY
 66
     1
 10
0.0
 20
0.0
 30
0.0
 70
     1
 40
0.005
 41
0.005
 75
     8
  0
VERTEX
  5
AED
  8
TOPOVERLAY
 10
0.0475
 20
0.0
 30
0.0
 42
1.0
  0
VERTEX
  5
AEE
  8
TOPOVERLAY
 10
0.0525
 20
0.0
 30
0.0
 42
1.0
  0
SEQEND
  5
AEF
  8
0
  0
POLYLINE
  5
AF0
  8
TOPLAYER
 66
     1
 10
0.0
 20
0.0
 30
0.0
 70
     1
 40
0.0295275
 41
0.0295275
 75
     8
  0
VERTEX
  5
AF1
  8
TOPLAYER
 10
0.3852362
 20
0.0
 30
0.0
 42
1.0
  0
VERTEX
  5
AF2
  8
TOPLAYER
 10
0.4147638000000001
 20
0.0
 30
0.0
 42
1.0
  0
SEQEND
  5
AF3
  8
0
  0
POLYLINE
  5
AF4
  8
BOTTOMLAYER
 66
     1
 10
0.0
 20
0.0
 30
0.0
 70
     1
 40
0.0295275
 41
0.0295275
 75
     8
  0
VERTEX
  5
AF5
  8
BOTTOMLAYER
 10
0.3852362
 20
0.0
 30
0.0
 42
1.0
  0
VERTEX
  5
AF6
  8
BOTTOMLAYER
 10
0.4147638000000001
 20
0.0
 30
0.0
 42
1.0
  0
SEQEND
  5
AF7
  8
0
  0
POLYLINE
  5
AF8
  8
TOPSOLDER
 66
     1
 10
0.0
 20
0.0
 30
0.0
 70
     1
 40
0.0335275
 41
0.0335275
 75
     8
  0
VERTEX
  5
AF9
  8
TOPSOLDER
 10
0.3832362
 20
0.0
 30
0.0
 42
1.0
  0
VERTEX
  5
AFA
  8
TOPSOLDER
 10
0.4167638000000001
 20
0.0
 30
0.0
 42
1.0
  0
SEQEND
  5
AFB
  8
0
  0
POLYLINE
  5
AFC
  8
BOTTOMSOLDER
 66
     1
 10
0.0
 20
0.0
 30
0.0
 70
     1
 40
0.0335275
 41
0.0335275
 75
     8
  0
VERTEX
  5
AFD
  8
BOTTOMSOLDER
 10
0.3832362
 20
0.0
 30
0.0
 42
1.0
  0
VERTEX
  5
AFE
  8
BOTTOMSOLDER
 10
0.4167638000000001
 20
0.0
 30
0.0
 42
1.0
  0
SEQEND
  5
AFF
  8
0
  0
POLYLINE
  5
B00
  8
MULTILAYER
 66
     1
 10
0.0
 20
0.0
 30
0.0
 70
     1
 40
0.0295275
 41
0.0295275
 75
     8
  0
VERTEX
  5
B01
  8
MULTILAYER
 10
0.3852362
 20
0.0
 30
0.0
 42
1.0
  0
VERTEX
  5
B02
  8
MULTILAYER
 10
0.4147638000000001
 20
0.0
 30
0.0
 42
1.0
  0
SEQEND
  5
B03
  8
0
  0
POLYLINE
  5
B04
  8
TOPLAYER
 66
     1
 10
0.0
 20
0.0
 30
0.0
 70
     1
 40
0.0295275
 41
0.0295275
 75
     8
  0
VERTEX
  5
B05
  8
TOPLAYER
 10
-0.0147638
 20
0.0
 30
0.0
 42
1.0
  0
VERTEX
  5
B06
  8
TOPLAYER
 10
0.0147638
 20
0.0
 30
0.0
 42
1.0
  0
SEQEND
  5
B07
  8
0
  0
POLYLINE
  5
B08
  8
BOTTOMLAYER
 66
     1
 10
0.0
 20
0.0
 30
0.0
 70
     1
 40
0.0295275
 41
0.0295275
 75
     8
  0
VERTEX
  5
B09
  8
BOTTOMLAYER
 10
-0.0147638
 20
0.0
 30
0.0
 42
1.0
  0
VERTEX
  5
B0A
  8
BOTTOMLAYER
 10
0.0147638
 20
0.0
 30
0.0
 42
1.0
  0
SEQEND
  5
B0B
  8
0
  0
POLYLINE
  5
B0C
  8
TOPSOLDER
 66
     1
 10
0.0
 20
0.0
 30
0.0
 70
     1
 40
0.0335275
 41
0.0335275
 75
     8
  0
VERTEX
  5
B0D
  8
TOPSOLDER
 10
-0.0167638
 20
0.0
 30
0.0
 42
1.0
  0
VERTEX
  5
B0E
  8
TOPSOLDER
 10
0.0167638
 20
0.0
 30
0.0
 42
1.0
  0
SEQEND
  5
B0F
  8
0
  0
POLYLINE
  5
B10
  8
BOTTOMSOLDER
 66
     1
 10
0.0
 20
0.0
 30
0.0
 70
     1
 40
0.0335275
 41
0.0335275
 75
     8
  0
VERTEX
  5
B11
  8
BOTTOMSOLDER
 10
-0.0167638
 20
0.0
 30
0.0
 42
1.0
  0
VERTEX
  5
B12
  8
BOTTOMSOLDER
 10
0.0167638
 20
0.0
 30
0.0
 42
1.0
  0
SEQEND
  5
B13
  8
0
  0
POLYLINE
  5
B14
  8
MULTILAYER
 66
     1
 10
0.0
 20
0.0
 30
0.0
 70
     1
 40
0.0295275
 41
0.0295275
 75
     8
  0
VERTEX
  5
B15
  8
MULTILAYER
 10
-0.0147638
 20
0.0
 30
0.0
 42
1.0
  0
VERTEX
  5
B16
  8
MULTILAYER
 10
0.0147638
 20
0.0
 30
0.0
 42
1.0
  0
SEQEND
  5
B17
  8
0
  0
ENDBLK
  5
B18
  8
0
  0
BLOCK
  8
0
  2
LED100_1_LED_3MM___P_____2
 70
     0
 10
0.0
 20
0.0
 30
0.0
  3
LED100_1_LED_3MM___P_____2
  1

  0
POLYLINE
  5
B1B
  8
TOPOVERLAY
 66
     1
 10
0.0
 20
0.0
 30
0.0
 70
     1
 40
0.01
 41
0.01
 75
     8
  0
VERTEX
  5
B1C
  8
TOPOVERLAY
 10
0.0625
 20
-0.05
 30
0.0
 42
1.0
  0
VERTEX
  5
B1D
  8
TOPOVERLAY
 10
-0.0625
 20
-0.05
 30
0.0
 42
1.0
  0
SEQEND
  5
B1E
  8
0
  0
POLYLINE
  5
B1F
  8
TOPOVERLAY
 66
     1
 10
0.0
 20
0.0
 30
0.0
 70
     1
 40
0.005
 41
0.005
 75
     8
  0
VERTEX
  5
B20
  8
TOPOVERLAY
 10
0.06
 20
-0.05
 30
0.0
 42
1.0
  0
VERTEX
  5
B21
  8
TOPOVERLAY
 10
0.065
 20
-0.05
 30
0.0
 42
1.0
  0
SEQEND
  5
B22
  8
0
  0
POLYLINE
  5
B23
  8
TOPOVERLAY
 66
     1
 10
0.0
 20
0.0
 30
0.0
 70
     1
 40
0.005
 41
0.005
 75
     8
  0
VERTEX
  5
B24
  8
TOPOVERLAY
 10
-0.065
 20
-0.05
 30
0.0
 42
1.0
  0
VERTEX
  5
B25
  8
TOPOVERLAY
 10
-0.06
 20
-0.05
 30
0.0
 42
1.0
  0
SEQEND
  5
B26
  8
0
  0
SOLID
  5
B27
  8
TOPLAYER
 10
-0.0295275
 20
-0.1295275
 30
0.0
 11
0.0295275
 21
-0.1295275
 31
0.0
 12
-0.0295275
 22
-0.0704725
 32
0.0
 13
0.0295275
 23
-0.0704725
 33
0.0
  0
SOLID
  5
B28
  8
BOTTOMLAYER
 10
-0.0295275
 20
-0.1295275
 30
0.0
 11
0.0295275
 21
-0.1295275
 31
0.0
 12
-0.0295275
 22
-0.0704725
 32
0.0
 13
0.0295275
 23
-0.0704725
 33
0.0
  0
SOLID
  5
B29
  8
TOPSOLDER
 10
-0.0335275
 20
-0.1335275
 30
0.0
 11
0.0335275
 21
-0.1335275
 31
0.0
 12
-0.0335275
 22
-0.0664725
 32
0.0
 13
0.0335275
 23
-0.0664725
 33
0.0
  0
SOLID
  5
B2A
  8
BOTTOMSOLDER
 10
-0.0335275
 20
-0.1335275
 30
0.0
 11
0.0335275
 21
-0.1335275
 31
0.0
 12
-0.0335275
 22
-0.0664725
 32
0.0
 13
0.0335275
 23
-0.0664725
 33
0.0
  0
SOLID
  5
B2B
  8
MULTILAYER
 10
-0.0295275
 20
-0.1295275
 30
0.0
 11
0.0295275
 21
-0.1295275
 31
0.0
 12
-0.0295275
 22
-0.0704725
 32
0.0
 13
0.0295275
 23
-0.0704725
 33
0.0
  0
POLYLINE
  5
B2C
  8
TOPLAYER
 66
     1
 10
0.0
 20
0.0
 30
0.0
 70
     1
 40
0.0295275
 41
0.0295275
 75
     8
  0
VERTEX
  5
B2D
  8
TOPLAYER
 10
-0.0147638
 20
0.0
 30
0.0
 42
1.0
  0
VERTEX
  5
B2E
  8
TOPLAYER
 10
0.0147638
 20
0.0
 30
0.0
 42
1.0
  0
SEQEND
  5
B2F
  8
0
  0
POLYLINE
  5
B30
  8
BOTTOMLAYER
 66
     1
 10
0.0
 20
0.0
 30
0.0
 70
     1
 40
0.0295275
 41
0.0295275
 75
     8
  0
VERTEX
  5
B31
  8
BOTTOMLAYER
 10
-0.0147638
 20
0.0
 30
0.0
 42
1.0
  0
VERTEX
  5
B32
  8
BOTTOMLAYER
 10
0.0147638
 20
0.0
 30
0.0
 42
1.0
  0
SEQEND
  5
B33
  8
0
  0
POLYLINE
  5
B34
  8
TOPSOLDER
 66
     1
 10
0.0
 20
0.0
 30
0.0
 70
     1
 40
0.0335275
 41
0.0335275
 75
     8
  0
VERTEX
  5
B35
  8
TOPSOLDER
 10
-0.0167638
 20
0.0
 30
0.0
 42
1.0
  0
VERTEX
  5
B36
  8
TOPSOLDER
 10
0.0167638
 20
0.0
 30
0.0
 42
1.0
  0
SEQEND
  5
B37
  8
0
  0
POLYLINE
  5
B38
  8
BOTTOMSOLDER
 66
     1
 10
0.0
 20
0.0
 30
0.0
 70
     1
 40
0.0335275
 41
0.0335275
 75
     8
  0
VERTEX
  5
B39
  8
BOTTOMSOLDER
 10
-0.0167638
 20
0.0
 30
0.0
 42
1.0
  0
VERTEX
  5
B3A
  8
BOTTOMSOLDER
 10
0.0167638
 20
0.0
 30
0.0
 42
1.0
  0
SEQEND
  5
B3B
  8
0
  0
POLYLINE
  5
B3C
  8
MULTILAYER
 66
     1
 10
0.0
 20
0.0
 30
0.0
 70
     1
 40
0.0295275
 41
0.0295275
 75
     8
  0
VERTEX
  5
B3D
  8
MULTILAYER
 10
-0.0147638
 20
0.0
 30
0.0
 42
1.0
  0
VERTEX
  5
B3E
  8
MULTILAYER
 10
0.0147638
 20
0.0
 30
0.0
 42
1.0
  0
SEQEND
  5
B3F
  8
0
  0
ENDBLK
  5
B40
  8
0
  0
BLOCK
  8
0
  2
LED100_1_LED_3MM___P_____3
 70
     0
 10
0.0
 20
0.0
 30
0.0
  3
LED100_1_LED_3MM___P_____3
  1

  0
POLYLINE
  5
B43
  8
TOPOVERLAY
 66
     1
 10
0.0
 20
0.0
 30
0.0
 70
     1
 40
0.01
 41
0.01
 75
     8
  0
VERTEX
  5
B44
  8
TOPOVERLAY
 10
0.0625
 20
-0.05
 30
0.0
 42
1.0
  0
VERTEX
  5
B45
  8
TOPOVERLAY
 10
-0.0625
 20
-0.05
 30
0.0
 42
1.0
  0
SEQEND
  5
B46
  8
0
  0
POLYLINE
  5
B47
  8
TOPOVERLAY
 66
     1
 10
0.0
 20
0.0
 30
0.0
 70
     1
 40
0.005
 41
0.005
 75
     8
  0
VERTEX
  5
B48
  8
TOPOVERLAY
 10
0.06
 20
-0.05
 30
0.0
 42
1.0
  0
VERTEX
  5
B49
  8
TOPOVERLAY
 10
0.065
 20
-0.05
 30
0.0
 42
1.0
  0
SEQEND
  5
B4A
  8
0
  0
POLYLINE
  5
B4B
  8
TOPOVERLAY
 66
     1
 10
0.0
 20
0.0
 30
0.0
 70
     1
 40
0.005
 41
0.005
 75
     8
  0
VERTEX
  5
B4C
  8
TOPOVERLAY
 10
-0.065
 20
-0.05
 30
0.0
 42
1.0
  0
VERTEX
  5
B4D
  8
TOPOVERLAY
 10
-0.06
 20
-0.05
 30
0.0
 42
1.0
  0
SEQEND
  5
B4E
  8
0
  0
SOLID
  5
B4F
  8
TOPLAYER
 10
-0.0295275
 20
-0.1295275
 30
0.0
 11
0.0295275
 21
-0.1295275
 31
0.0
 12
-0.0295275
 22
-0.0704725
 32
0.0
 13
0.0295275
 23
-0.0704725
 33
0.0
  0
SOLID
  5
B50
  8
BOTTOMLAYER
 10
-0.0295275
 20
-0.1295275
 30
0.0
 11
0.0295275
 21
-0.1295275
 31
0.0
 12
-0.0295275
 22
-0.0704725
 32
0.0
 13
0.0295275
 23
-0.0704725
 33
0.0
  0
SOLID
  5
B51
  8
TOPSOLDER
 10
-0.0335275
 20
-0.1335275
 30
0.0
 11
0.0335275
 21
-0.1335275
 31
0.0
 12
-0.0335275
 22
-0.0664725
 32
0.0
 13
0.0335275
 23
-0.0664725
 33
0.0
  0
SOLID
  5
B52
  8
BOTTOMSOLDER
 10
-0.0335275
 20
-0.1335275
 30
0.0
 11
0.0335275
 21
-0.1335275
 31
0.0
 12
-0.0335275
 22
-0.0664725
 32
0.0
 13
0.0335275
 23
-0.0664725
 33
0.0
  0
SOLID
  5
B53
  8
MULTILAYER
 10
-0.0295275
 20
-0.1295275
 30
0.0
 11
0.0295275
 21
-0.1295275
 31
0.0
 12
-0.0295275
 22
-0.0704725
 32
0.0
 13
0.0295275
 23
-0.0704725
 33
0.0
  0
POLYLINE
  5
B54
  8
TOPLAYER
 66
     1
 10
0.0
 20
0.0
 30
0.0
 70
     1
 40
0.0295275
 41
0.0295275
 75
     8
  0
VERTEX
  5
B55
  8
TOPLAYER
 10
-0.0147638
 20
0.0
 30
0.0
 42
1.0
  0
VERTEX
  5
B56
  8
TOPLAYER
 10
0.0147638
 20
0.0
 30
0.0
 42
1.0
  0
SEQEND
  5
B57
  8
0
  0
POLYLINE
  5
B58
  8
BOTTOMLAYER
 66
     1
 10
0.0
 20
0.0
 30
0.0
 70
     1
 40
0.0295275
 41
0.0295275
 75
     8
  0
VERTEX
  5
B59
  8
BOTTOMLAYER
 10
-0.0147638
 20
0.0
 30
0.0
 42
1.0
  0
VERTEX
  5
B5A
  8
BOTTOMLAYER
 10
0.0147638
 20
0.0
 30
0.0
 42
1.0
  0
SEQEND
  5
B5B
  8
0
  0
POLYLINE
  5
B5C
  8
TOPSOLDER
 66
     1
 10
0.0
 20
0.0
 30
0.0
 70
     1
 40
0.0335275
 41
0.0335275
 75
     8
  0
VERTEX
  5
B5D
  8
TOPSOLDER
 10
-0.0167638
 20
0.0
 30
0.0
 42
1.0
  0
VERTEX
  5
B5E
  8
TOPSOLDER
 10
0.0167638
 20
0.0
 30
0.0
 42
1.0
  0
SEQEND
  5
B5F
  8
0
  0
POLYLINE
  5
B60
  8
BOTTOMSOLDER
 66
     1
 10
0.0
 20
0.0
 30
0.0
 70
     1
 40
0.0335275
 41
0.0335275
 75
     8
  0
VERTEX
  5
B61
  8
BOTTOMSOLDER
 10
-0.0167638
 20
0.0
 30
0.0
 42
1.0
  0
VERTEX
  5
B62
  8
BOTTOMSOLDER
 10
0.0167638
 20
0.0
 30
0.0
 42
1.0
  0
SEQEND
  5
B63
  8
0
  0
POLYLINE
  5
B64
  8
MULTILAYER
 66
     1
 10
0.0
 20
0.0
 30
0.0
 70
     1
 40
0.0295275
 41
0.0295275
 75
     8
  0
VERTEX
  5
B65
  8
MULTILAYER
 10
-0.0147638
 20
0.0
 30
0.0
 42
1.0
  0
VERTEX
  5
B66
  8
MULTILAYER
 10
0.0147638
 20
0.0
 30
0.0
 42
1.0
  0
SEQEND
  5
B67
  8
0
  0
ENDBLK
  5
B68
  8
0
  0
BLOCK
  8
0
  2
95003_6881_5
 70
     0
 10
0.0
 20
0.0
 30
0.0
  3
95003_6881_5
  1

  0
POLYLINE
  5
B6B
  8
TOPOVERLAY
 66
     1
 10
0.0
 20
0.0
 30
0.0
 40
0.007874
 41
0.007874
 75
     8
  0
VERTEX
  5
B6C
  8
TOPOVERLAY
 10
0.20571
 20
0.204332
 30
0.0
  0
VERTEX
  5
B6D
  8
TOPOVERLAY
 10
0.304724
 20
0.204332
 30
0.0
  0
SEQEND
  5
B6E
  8
0
  0
POLYLINE
  5
B6F
  8
TOPOVERLAY
 66
     1
 10
0.0
 20
0.0
 30
0.0
 70
     1
 40
0.003937
 41
0.003937
 75
     8
  0
VERTEX
  5
B70
  8
TOPOVERLAY
 10
0.2037415
 20
0.204332
 30
0.0
 42
1.0
  0
VERTEX
  5
B71
  8
TOPOVERLAY
 10
0.2076785
 20
0.204332
 30
0.0
 42
1.0
  0
SEQEND
  5
B72
  8
0
  0
POLYLINE
  5
B73
  8
TOPOVERLAY
 66
     1
 10
0.0
 20
0.0
 30
0.0
 70
     1
 40
0.003937
 41
0.003937
 75
     8
  0
VERTEX
  5
B74
  8
TOPOVERLAY
 10
0.3027555
 20
0.204332
 30
0.0
 42
1.0
  0
VERTEX
  5
B75
  8
TOPOVERLAY
 10
0.3066925
 20
0.204332
 30
0.0
 42
1.0
  0
SEQEND
  5
B76
  8
0
  0
POLYLINE
  5
B77
  8
TOPOVERLAY
 66
     1
 10
0.0
 20
0.0
 30
0.0
 40
0.007874
 41
0.007874
 75
     8
  0
VERTEX
  5
B78
  8
TOPOVERLAY
 10
-0.304724
 20
-0.390156
 30
0.0
  0
VERTEX
  5
B79
  8
TOPOVERLAY
 10
0.304724
 20
-0.390156
 30
0.0
  0
SEQEND
  5
B7A
  8
0
  0
POLYLINE
  5
B7B
  8
TOPOVERLAY
 66
     1
 10
0.0
 20
0.0
 30
0.0
 70
     1
 40
0.003937
 41
0.003937
 75
     8
  0
VERTEX
  5
B7C
  8
TOPOVERLAY
 10
-0.3066925
 20
-0.390156
 30
0.0
 42
1.0
  0
VERTEX
  5
B7D
  8
TOPOVERLAY
 10
-0.3027555
 20
-0.390156
 30
0.0
 42
1.0
  0
SEQEND
  5
B7E
  8
0
  0
POLYLINE
  5
B7F
  8
TOPOVERLAY
 66
     1
 10
0.0
 20
0.0
 30
0.0
 70
     1
 40
0.003937
 41
0.003937
 75
     8
  0
VERTEX
  5
B80
  8
TOPOVERLAY
 10
0.3027555
 20
-0.390156
 30
0.0
 42
1.0
  0
VERTEX
  5
B81
  8
TOPOVERLAY
 10
0.3066925
 20
-0.390156
 30
0.0
 42
1.0
  0
SEQEND
  5
B82
  8
0
  0
POLYLINE
  5
B83
  8
TOPOVERLAY
 66
     1
 10
0.0
 20
0.0
 30
0.0
 40
0.007874
 41
0.007874
 75
     8
  0
VERTEX
  5
B84
  8
TOPOVERLAY
 10
-0.304724
 20
-0.390156
 30
0.0
  0
VERTEX
  5
B85
  8
TOPOVERLAY
 10
-0.304724
 20
0.204332
 30
0.0
  0
SEQEND
  5
B86
  8
0
  0
POLYLINE
  5
B87
  8
TOPOVERLAY
 66
     1
 10
0.0
 20
0.0
 30
0.0
 70
     1
 40
0.003937
 41
0.003937
 75
     8
  0
VERTEX
  5
B88
  8
TOPOVERLAY
 10
-0.3066925
 20
-0.390156
 30
0.0
 42
1.0
  0
VERTEX
  5
B89
  8
TOPOVERLAY
 10
-0.3027555
 20
-0.390156
 30
0.0
 42
1.0
  0
SEQEND
  5
B8A
  8
0
  0
POLYLINE
  5
B8B
  8
TOPOVERLAY
 66
     1
 10
0.0
 20
0.0
 30
0.0
 70
     1
 40
0.003937
 41
0.003937
 75
     8
  0
VERTEX
  5
B8C
  8
TOPOVERLAY
 10
-0.3066925
 20
0.204332
 30
0.0
 42
1.0
  0
VERTEX
  5
B8D
  8
TOPOVERLAY
 10
-0.3027555
 20
0.204332
 30
0.0
 42
1.0
  0
SEQEND
  5
B8E
  8
0
  0
POLYLINE
  5
B8F
  8
TOPOVERLAY
 66
     1
 10
0.0
 20
0.0
 30
0.0
 40
0.007874
 41
0.007874
 75
     8
  0
VERTEX
  5
B90
  8
TOPOVERLAY
 10
-0.304724
 20
0.204332
 30
0.0
  0
VERTEX
  5
B91
  8
TOPOVERLAY
 10
-0.205708
 20
0.204332
 30
0.0
  0
SEQEND
  5
B92
  8
0
  0
POLYLINE
  5
B93
  8
TOPOVERLAY
 66
     1
 10
0.0
 20
0.0
 30
0.0
 70
     1
 40
0.003937
 41
0.003937
 75
     8
  0
VERTEX
  5
B94
  8
TOPOVERLAY
 10
-0.3066925
 20
0.204332
 30
0.0
 42
1.0
  0
VERTEX
  5
B95
  8
TOPOVERLAY
 10
-0.3027555
 20
0.204332
 30
0.0
 42
1.0
  0
SEQEND
  5
B96
  8
0
  0
POLYLINE
  5
B97
  8
TOPOVERLAY
 66
     1
 10
0.0
 20
0.0
 30
0.0
 70
     1
 40
0.003937
 41
0.003937
 75
     8
  0
VERTEX
  5
B98
  8
TOPOVERLAY
 10
-0.2076765
 20
0.204332
 30
0.0
 42
1.0
  0
VERTEX
  5
B99
  8
TOPOVERLAY
 10
-0.2037395
 20
0.204332
 30
0.0
 42
1.0
  0
SEQEND
  5
B9A
  8
0
  0
POLYLINE
  5
B9B
  8
TOPOVERLAY
 66
     1
 10
0.0
 20
0.0
 30
0.0
 40
0.007874
 41
0.007874
 75
     8
  0
VERTEX
  5
B9C
  8
TOPOVERLAY
 10
0.304724
 20
-0.390156
 30
0.0
  0
VERTEX
  5
B9D
  8
TOPOVERLAY
 10
0.304724
 20
0.204332
 30
0.0
  0
SEQEND
  5
B9E
  8
0
  0
POLYLINE
  5
B9F
  8
TOPOVERLAY
 66
     1
 10
0.0
 20
0.0
 30
0.0
 70
     1
 40
0.003937
 41
0.003937
 75
     8
  0
VERTEX
  5
BA0
  8
TOPOVERLAY
 10
0.3027555
 20
-0.390156
 30
0.0
 42
1.0
  0
VERTEX
  5
BA1
  8
TOPOVERLAY
 10
0.3066925
 20
-0.390156
 30
0.0
 42
1.0
  0
SEQEND
  5
BA2
  8
0
  0
POLYLINE
  5
BA3
  8
TOPOVERLAY
 66
     1
 10
0.0
 20
0.0
 30
0.0
 70
     1
 40
0.003937
 41
0.003937
 75
     8
  0
VERTEX
  5
BA4
  8
TOPOVERLAY
 10
0.3027555
 20
0.204332
 30
0.0
 42
1.0
  0
VERTEX
  5
BA5
  8
TOPOVERLAY
 10
0.3066925
 20
0.204332
 30
0.0
 42
1.0
  0
SEQEND
  5
BA6
  8
0
  0
POLYLINE
  5
BA7
  8
TOPOVERLAY
 66
     1
 10
0.0
 20
0.0
 30
0.0
 70
     1
 40
0.009842
 41
0.009842
 75
     8
  0
VERTEX
  5
BA8
  8
TOPOVERLAY
 10
-0.170079
 20
0.358268
 30
0.0
 42
1.0
  0
VERTEX
  5
BA9
  8
TOPOVERLAY
 10
-0.179921
 20
0.358268
 30
0.0
 42
1.0
  0
SEQEND
  5
BAA
  8
0
  0
POLYLINE
  5
BAB
  8
TOPOVERLAY
 66
     1
 10
0.0
 20
0.0
 30
0.0
 70
     1
 40
0.004921
 41
0.004921
 75
     8
  0
VERTEX
  5
BAC
  8
TOPOVERLAY
 10
-0.1725395
 20
0.358268
 30
0.0
 42
1.0
  0
VERTEX
  5
BAD
  8
TOPOVERLAY
 10
-0.1676185
 20
0.358268
 30
0.0
 42
1.0
  0
SEQEND
  5
BAE
  8
0
  0
POLYLINE
  5
BAF
  8
TOPOVERLAY
 66
     1
 10
0.0
 20
0.0
 30
0.0
 70
     1
 40
0.004921
 41
0.004921
 75
     8
  0
VERTEX
  5
BB0
  8
TOPOVERLAY
 10
-0.1823815
 20
0.358268
 30
0.0
 42
1.0
  0
VERTEX
  5
BB1
  8
TOPOVERLAY
 10
-0.1774605
 20
0.358268
 30
0.0
 42
1.0
  0
SEQEND
  5
BB2
  8
0
  0
SOLID
  5
BB3
  8
TOPLAYER
 10
-0.1899605
 20
0.0531495
 30
0.0
 11
-0.1600395
 21
0.0531495
 31
0.0
 12
-0.1899605
 22
0.3366145
 32
0.0
 13
-0.1600395
 23
0.3366145
 33
0.0
  0
SOLID
  5
BB4
  8
TOPPASTE
 10
-0.1899605
 20
0.0531495
 30
0.0
 11
-0.1600395
 21
0.0531495
 31
0.0
 12
-0.1899605
 22
0.3366145
 32
0.0
 13
-0.1600395
 23
0.3366145
 33
0.0
  0
SOLID
  5
BB5
  8
TOPSOLDER
 10
-0.1939605
 20
0.0491495
 30
0.0
 11
-0.1560395
 21
0.0491495
 31
0.0
 12
-0.1939605
 22
0.3406145
 32
0.0
 13
-0.1560395
 23
0.3406145
 33
0.0
  0
SOLID
  5
BB6
  8
TOPLAYER
 10
-0.1399605
 20
0.0531495
 30
0.0
 11
-0.1100395
 21
0.0531495
 31
0.0
 12
-0.1399605
 22
0.3366145
 32
0.0
 13
-0.1100395
 23
0.3366145
 33
0.0
  0
SOLID
  5
BB7
  8
TOPPASTE
 10
-0.1399605
 20
0.0531495
 30
0.0
 11
-0.1100395
 21
0.0531495
 31
0.0
 12
-0.1399605
 22
0.3366145
 32
0.0
 13
-0.1100395
 23
0.3366145
 33
0.0
  0
SOLID
  5
BB8
  8
TOPSOLDER
 10
-0.1439605
 20
0.0491495
 30
0.0
 11
-0.1060395
 21
0.0491495
 31
0.0
 12
-0.1439605
 22
0.3406145
 32
0.0
 13
-0.1060395
 23
0.3406145
 33
0.0
  0
SOLID
  5
BB9
  8
TOPLAYER
 10
-0.0899605
 20
0.0531495
 30
0.0
 11
-0.0600395
 21
0.0531495
 31
0.0
 12
-0.0899605
 22
0.3366145
 32
0.0
 13
-0.0600395
 23
0.3366145
 33
0.0
  0
SOLID
  5
BBA
  8
TOPPASTE
 10
-0.0899605
 20
0.0531495
 30
0.0
 11
-0.0600395
 21
0.0531495
 31
0.0
 12
-0.0899605
 22
0.3366145
 32
0.0
 13
-0.0600395
 23
0.3366145
 33
0.0
  0
SOLID
  5
BBB
  8
TOPSOLDER
 10
-0.0939605
 20
0.0491495
 30
0.0
 11
-0.0560395
 21
0.0491495
 31
0.0
 12
-0.0939605
 22
0.3406145
 32
0.0
 13
-0.0560395
 23
0.3406145
 33
0.0
  0
SOLID
  5
BBC
  8
TOPLAYER
 10
-0.0399605
 20
0.0531495
 30
0.0
 11
-0.0100395
 21
0.0531495
 31
0.0
 12
-0.0399605
 22
0.3366145
 32
0.0
 13
-0.0100395
 23
0.3366145
 33
0.0
  0
SOLID
  5
BBD
  8
TOPPASTE
 10
-0.0399605
 20
0.0531495
 30
0.0
 11
-0.0100395
 21
0.0531495
 31
0.0
 12
-0.0399605
 22
0.3366145
 32
0.0
 13
-0.0100395
 23
0.3366145
 33
0.0
  0
SOLID
  5
BBE
  8
TOPSOLDER
 10
-0.0439605
 20
0.0491495
 30
0.0
 11
-0.0060395
 21
0.0491495
 31
0.0
 12
-0.0439605
 22
0.3406145
 32
0.0
 13
-0.0060395
 23
0.3406145
 33
0.0
  0
SOLID
  5
BBF
  8
TOPLAYER
 10
0.0100395
 20
0.0531495
 30
0.0
 11
0.0399605
 21
0.0531495
 31
0.0
 12
0.0100395
 22
0.3366145
 32
0.0
 13
0.0399605
 23
0.3366145
 33
0.0
  0
SOLID
  5
BC0
  8
TOPPASTE
 10
0.0100395
 20
0.0531495
 30
0.0
 11
0.0399605
 21
0.0531495
 31
0.0
 12
0.0100395
 22
0.3366145
 32
0.0
 13
0.0399605
 23
0.3366145
 33
0.0
  0
SOLID
  5
BC1
  8
TOPSOLDER
 10
0.0060395
 20
0.0491495
 30
0.0
 11
0.0439605
 21
0.0491495
 31
0.0
 12
0.0060395
 22
0.3406145
 32
0.0
 13
0.0439605
 23
0.3406145
 33
0.0
  0
SOLID
  5
BC2
  8
TOPLAYER
 10
0.0600395
 20
0.0531495
 30
0.0
 11
0.0899605
 21
0.0531495
 31
0.0
 12
0.0600395
 22
0.3366145
 32
0.0
 13
0.0899605
 23
0.3366145
 33
0.0
  0
SOLID
  5
BC3
  8
TOPPASTE
 10
0.0600395
 20
0.0531495
 30
0.0
 11
0.0899605
 21
0.0531495
 31
0.0
 12
0.0600395
 22
0.3366145
 32
0.0
 13
0.0899605
 23
0.3366145
 33
0.0
  0
SOLID
  5
BC4
  8
TOPSOLDER
 10
0.0560395
 20
0.0491495
 30
0.0
 11
0.0939605
 21
0.0491495
 31
0.0
 12
0.0560395
 22
0.3406145
 32
0.0
 13
0.0939605
 23
0.3406145
 33
0.0
  0
SOLID
  5
BC5
  8
TOPLAYER
 10
0.1100395
 20
0.0531495
 30
0.0
 11
0.1399605
 21
0.0531495
 31
0.0
 12
0.1100395
 22
0.3366145
 32
0.0
 13
0.1399605
 23
0.3366145
 33
0.0
  0
SOLID
  5
BC6
  8
TOPPASTE
 10
0.1100395
 20
0.0531495
 30
0.0
 11
0.1399605
 21
0.0531495
 31
0.0
 12
0.1100395
 22
0.3366145
 32
0.0
 13
0.1399605
 23
0.3366145
 33
0.0
  0
SOLID
  5
BC7
  8
TOPSOLDER
 10
0.1060395
 20
0.0491495
 30
0.0
 11
0.1439605
 21
0.0491495
 31
0.0
 12
0.1060395
 22
0.3406145
 32
0.0
 13
0.1439605
 23
0.3406145
 33
0.0
  0
SOLID
  5
BC8
  8
TOPLAYER
 10
0.1600395
 20
0.0531495
 30
0.0
 11
0.1899605
 21
0.0531495
 31
0.0
 12
0.1600395
 22
0.3366145
 32
0.0
 13
0.1899605
 23
0.3366145
 33
0.0
  0
SOLID
  5
BC9
  8
TOPPASTE
 10
0.1600395
 20
0.0531495
 30
0.0
 11
0.1899605
 21
0.0531495
 31
0.0
 12
0.1600395
 22
0.3366145
 32
0.0
 13
0.1899605
 23
0.3366145
 33
0.0
  0
SOLID
  5
BCA
  8
TOPSOLDER
 10
0.1560395
 20
0.0491495
 30
0.0
 11
0.1939605
 21
0.0491495
 31
0.0
 12
0.1560395
 22
0.3406145
 32
0.0
 13
0.1939605
 23
0.3406145
 33
0.0
  0
POLYLINE
  5
BCB
  8
TOPLAYER
 66
     1
 10
0.0
 20
0.0
 30
0.0
 70
     1
 40
0.058071
 41
0.058071
 75
     8
  0
VERTEX
  5
BCC
  8
TOPLAYER
 10
-0.2540355
 20
-0.194882
 30
0.0
 42
1.0
  0
VERTEX
  5
BCD
  8
TOPLAYER
 10
-0.1959645
 20
-0.194882
 30
0.0
 42
1.0
  0
SEQEND
  5
BCE
  8
0
  0
POLYLINE
  5
BCF
  8
BOTTOMLAYER
 66
     1
 10
0.0
 20
0.0
 30
0.0
 70
     1
 40
0.058071
 41
0.058071
 75
     8
  0
VERTEX
  5
BD0
  8
BOTTOMLAYER
 10
-0.2540355
 20
-0.194882
 30
0.0
 42
1.0
  0
VERTEX
  5
BD1
  8
BOTTOMLAYER
 10
-0.1959645
 20
-0.194882
 30
0.0
 42
1.0
  0
SEQEND
  5
BD2
  8
0
  0
POLYLINE
  5
BD3
  8
TOPSOLDER
 66
     1
 10
0.0
 20
0.0
 30
0.0
 70
     1
 40
0.062071
 41
0.062071
 75
     8
  0
VERTEX
  5
BD4
  8
TOPSOLDER
 10
-0.2560355
 20
-0.194882
 30
0.0
 42
1.0
  0
VERTEX
  5
BD5
  8
TOPSOLDER
 10
-0.1939645
 20
-0.194882
 30
0.0
 42
1.0
  0
SEQEND
  5
BD6
  8
0
  0
POLYLINE
  5
BD7
  8
BOTTOMSOLDER
 66
     1
 10
0.0
 20
0.0
 30
0.0
 70
     1
 40
0.062071
 41
0.062071
 75
     8
  0
VERTEX
  5
BD8
  8
BOTTOMSOLDER
 10
-0.2560355
 20
-0.194882
 30
0.0
 42
1.0
  0
VERTEX
  5
BD9
  8
BOTTOMSOLDER
 10
-0.1939645
 20
-0.194882
 30
0.0
 42
1.0
  0
SEQEND
  5
BDA
  8
0
  0
POLYLINE
  5
BDB
  8
MULTILAYER
 66
     1
 10
0.0
 20
0.0
 30
0.0
 70
     1
 40
0.058071
 41
0.058071
 75
     8
  0
VERTEX
  5
BDC
  8
MULTILAYER
 10
-0.2540355
 20
-0.194882
 30
0.0
 42
1.0
  0
VERTEX
  5
BDD
  8
MULTILAYER
 10
-0.1959645
 20
-0.194882
 30
0.0
 42
1.0
  0
SEQEND
  5
BDE
  8
0
  0
POLYLINE
  5
BDF
  8
TOPLAYER
 66
     1
 10
0.0
 20
0.0
 30
0.0
 70
     1
 40
0.058071
 41
0.058071
 75
     8
  0
VERTEX
  5
BE0
  8
TOPLAYER
 10
0.1959645
 20
-0.194882
 30
0.0
 42
1.0
  0
VERTEX
  5
BE1
  8
TOPLAYER
 10
0.2540355
 20
-0.194882
 30
0.0
 42
1.0
  0
SEQEND
  5
BE2
  8
0
  0
POLYLINE
  5
BE3
  8
BOTTOMLAYER
 66
     1
 10
0.0
 20
0.0
 30
0.0
 70
     1
 40
0.058071
 41
0.058071
 75
     8
  0
VERTEX
  5
BE4
  8
BOTTOMLAYER
 10
0.1959645
 20
-0.194882
 30
0.0
 42
1.0
  0
VERTEX
  5
BE5
  8
BOTTOMLAYER
 10
0.2540355
 20
-0.194882
 30
0.0
 42
1.0
  0
SEQEND
  5
BE6
  8
0
  0
POLYLINE
  5
BE7
  8
TOPSOLDER
 66
     1
 10
0.0
 20
0.0
 30
0.0
 70
     1
 40
0.062071
 41
0.062071
 75
     8
  0
VERTEX
  5
BE8
  8
TOPSOLDER
 10
0.1939645
 20
-0.194882
 30
0.0
 42
1.0
  0
VERTEX
  5
BE9
  8
TOPSOLDER
 10
0.2560355
 20
-0.194882
 30
0.0
 42
1.0
  0
SEQEND
  5
BEA
  8
0
  0
POLYLINE
  5
BEB
  8
BOTTOMSOLDER
 66
     1
 10
0.0
 20
0.0
 30
0.0
 70
     1
 40
0.062071
 41
0.062071
 75
     8
  0
VERTEX
  5
BEC
  8
BOTTOMSOLDER
 10
0.1939645
 20
-0.194882
 30
0.0
 42
1.0
  0
VERTEX
  5
BED
  8
BOTTOMSOLDER
 10
0.2560355
 20
-0.194882
 30
0.0
 42
1.0
  0
SEQEND
  5
BEE
  8
0
  0
POLYLINE
  5
BEF
  8
MULTILAYER
 66
     1
 10
0.0
 20
0.0
 30
0.0
 70
     1
 40
0.058071
 41
0.058071
 75
     8
  0
VERTEX
  5
BF0
  8
MULTILAYER
 10
0.1959645
 20
-0.194882
 30
0.0
 42
1.0
  0
VERTEX
  5
BF1
  8
MULTILAYER
 10
0.2540355
 20
-0.194882
 30
0.0
 42
1.0
  0
SEQEND
  5
BF2
  8
0
  0
ENDBLK
  5
BF3
  8
0
  0
BLOCK
  8
0
  2
95003_6881_6
 70
     0
 10
0.0
 20
0.0
 30
0.0
  3
95003_6881_6
  1

  0
POLYLINE
  5
BF6
  8
TOPOVERLAY
 66
     1
 10
0.0
 20
0.0
 30
0.0
 40
0.007874
 41
0.007874
 75
     8
  0
VERTEX
  5
BF7
  8
TOPOVERLAY
 10
0.20571
 20
0.204332
 30
0.0
  0
VERTEX
  5
BF8
  8
TOPOVERLAY
 10
0.304724
 20
0.204332
 30
0.0
  0
SEQEND
  5
BF9
  8
0
  0
POLYLINE
  5
BFA
  8
TOPOVERLAY
 66
     1
 10
0.0
 20
0.0
 30
0.0
 70
     1
 40
0.003937
 41
0.003937
 75
     8
  0
VERTEX
  5
BFB
  8
TOPOVERLAY
 10
0.2037415
 20
0.204332
 30
0.0
 42
1.0
  0
VERTEX
  5
BFC
  8
TOPOVERLAY
 10
0.2076785
 20
0.204332
 30
0.0
 42
1.0
  0
SEQEND
  5
BFD
  8
0
  0
POLYLINE
  5
BFE
  8
TOPOVERLAY
 66
     1
 10
0.0
 20
0.0
 30
0.0
 70
     1
 40
0.003937
 41
0.003937
 75
     8
  0
VERTEX
  5
BFF
  8
TOPOVERLAY
 10
0.3027555
 20
0.204332
 30
0.0
 42
1.0
  0
VERTEX
  5
C00
  8
TOPOVERLAY
 10
0.3066925
 20
0.204332
 30
0.0
 42
1.0
  0
SEQEND
  5
C01
  8
0
  0
POLYLINE
  5
C02
  8
TOPOVERLAY
 66
     1
 10
0.0
 20
0.0
 30
0.0
 40
0.007874
 41
0.007874
 75
     8
  0
VERTEX
  5
C03
  8
TOPOVERLAY
 10
-0.304724
 20
-0.390156
 30
0.0
  0
VERTEX
  5
C04
  8
TOPOVERLAY
 10
0.304724
 20
-0.390156
 30
0.0
  0
SEQEND
  5
C05
  8
0
  0
POLYLINE
  5
C06
  8
TOPOVERLAY
 66
     1
 10
0.0
 20
0.0
 30
0.0
 70
     1
 40
0.003937
 41
0.003937
 75
     8
  0
VERTEX
  5
C07
  8
TOPOVERLAY
 10
-0.3066925
 20
-0.390156
 30
0.0
 42
1.0
  0
VERTEX
  5
C08
  8
TOPOVERLAY
 10
-0.3027555
 20
-0.390156
 30
0.0
 42
1.0
  0
SEQEND
  5
C09
  8
0
  0
POLYLINE
  5
C0A
  8
TOPOVERLAY
 66
     1
 10
0.0
 20
0.0
 30
0.0
 70
     1
 40
0.003937
 41
0.003937
 75
     8
  0
VERTEX
  5
C0B
  8
TOPOVERLAY
 10
0.3027555
 20
-0.390156
 30
0.0
 42
1.0
  0
VERTEX
  5
C0C
  8
TOPOVERLAY
 10
0.3066925
 20
-0.390156
 30
0.0
 42
1.0
  0
SEQEND
  5
C0D
  8
0
  0
POLYLINE
  5
C0E
  8
TOPOVERLAY
 66
     1
 10
0.0
 20
0.0
 30
0.0
 40
0.007874
 41
0.007874
 75
     8
  0
VERTEX
  5
C0F
  8
TOPOVERLAY
 10
-0.304724
 20
-0.390156
 30
0.0
  0
VERTEX
  5
C10
  8
TOPOVERLAY
 10
-0.304724
 20
0.204332
 30
0.0
  0
SEQEND
  5
C11
  8
0
  0
POLYLINE
  5
C12
  8
TOPOVERLAY
 66
     1
 10
0.0
 20
0.0
 30
0.0
 70
     1
 40
0.003937
 41
0.003937
 75
     8
  0
VERTEX
  5
C13
  8
TOPOVERLAY
 10
-0.3066925
 20
-0.390156
 30
0.0
 42
1.0
  0
VERTEX
  5
C14
  8
TOPOVERLAY
 10
-0.3027555
 20
-0.390156
 30
0.0
 42
1.0
  0
SEQEND
  5
C15
  8
0
  0
POLYLINE
  5
C16
  8
TOPOVERLAY
 66
     1
 10
0.0
 20
0.0
 30
0.0
 70
     1
 40
0.003937
 41
0.003937
 75
     8
  0
VERTEX
  5
C17
  8
TOPOVERLAY
 10
-0.3066925
 20
0.204332
 30
0.0
 42
1.0
  0
VERTEX
  5
C18
  8
TOPOVERLAY
 10
-0.3027555
 20
0.204332
 30
0.0
 42
1.0
  0
SEQEND
  5
C19
  8
0
  0
POLYLINE
  5
C1A
  8
TOPOVERLAY
 66
     1
 10
0.0
 20
0.0
 30
0.0
 40
0.007874
 41
0.007874
 75
     8
  0
VERTEX
  5
C1B
  8
TOPOVERLAY
 10
-0.304724
 20
0.204332
 30
0.0
  0
VERTEX
  5
C1C
  8
TOPOVERLAY
 10
-0.205708
 20
0.204332
 30
0.0
  0
SEQEND
  5
C1D
  8
0
  0
POLYLINE
  5
C1E
  8
TOPOVERLAY
 66
     1
 10
0.0
 20
0.0
 30
0.0
 70
     1
 40
0.003937
 41
0.003937
 75
     8
  0
VERTEX
  5
C1F
  8
TOPOVERLAY
 10
-0.3066925
 20
0.204332
 30
0.0
 42
1.0
  0
VERTEX
  5
C20
  8
TOPOVERLAY
 10
-0.3027555
 20
0.204332
 30
0.0
 42
1.0
  0
SEQEND
  5
C21
  8
0
  0
POLYLINE
  5
C22
  8
TOPOVERLAY
 66
     1
 10
0.0
 20
0.0
 30
0.0
 70
     1
 40
0.003937
 41
0.003937
 75
     8
  0
VERTEX
  5
C23
  8
TOPOVERLAY
 10
-0.2076765
 20
0.204332
 30
0.0
 42
1.0
  0
VERTEX
  5
C24
  8
TOPOVERLAY
 10
-0.2037395
 20
0.204332
 30
0.0
 42
1.0
  0
SEQEND
  5
C25
  8
0
  0
POLYLINE
  5
C26
  8
TOPOVERLAY
 66
     1
 10
0.0
 20
0.0
 30
0.0
 40
0.007874
 41
0.007874
 75
     8
  0
VERTEX
  5
C27
  8
TOPOVERLAY
 10
0.304724
 20
-0.390156
 30
0.0
  0
VERTEX
  5
C28
  8
TOPOVERLAY
 10
0.304724
 20
0.204332
 30
0.0
  0
SEQEND
  5
C29
  8
0
  0
POLYLINE
  5
C2A
  8
TOPOVERLAY
 66
     1
 10
0.0
 20
0.0
 30
0.0
 70
     1
 40
0.003937
 41
0.003937
 75
     8
  0
VERTEX
  5
C2B
  8
TOPOVERLAY
 10
0.3027555
 20
-0.390156
 30
0.0
 42
1.0
  0
VERTEX
  5
C2C
  8
TOPOVERLAY
 10
0.3066925
 20
-0.390156
 30
0.0
 42
1.0
  0
SEQEND
  5
C2D
  8
0
  0
POLYLINE
  5
C2E
  8
TOPOVERLAY
 66
     1
 10
0.0
 20
0.0
 30
0.0
 70
     1
 40
0.003937
 41
0.003937
 75
     8
  0
VERTEX
  5
C2F
  8
TOPOVERLAY
 10
0.3027555
 20
0.204332
 30
0.0
 42
1.0
  0
VERTEX
  5
C30
  8
TOPOVERLAY
 10
0.3066925
 20
0.204332
 30
0.0
 42
1.0
  0
SEQEND
  5
C31
  8
0
  0
POLYLINE
  5
C32
  8
TOPOVERLAY
 66
     1
 10
0.0
 20
0.0
 30
0.0
 70
     1
 40
0.009842
 41
0.009842
 75
     8
  0
VERTEX
  5
C33
  8
TOPOVERLAY
 10
-0.170079
 20
0.358268
 30
0.0
 42
1.0
  0
VERTEX
  5
C34
  8
TOPOVERLAY
 10
-0.179921
 20
0.358268
 30
0.0
 42
1.0
  0
SEQEND
  5
C35
  8
0
  0
POLYLINE
  5
C36
  8
TOPOVERLAY
 66
     1
 10
0.0
 20
0.0
 30
0.0
 70
     1
 40
0.004921
 41
0.004921
 75
     8
  0
VERTEX
  5
C37
  8
TOPOVERLAY
 10
-0.1725395
 20
0.358268
 30
0.0
 42
1.0
  0
VERTEX
  5
C38
  8
TOPOVERLAY
 10
-0.1676185
 20
0.358268
 30
0.0
 42
1.0
  0
SEQEND
  5
C39
  8
0
  0
POLYLINE
  5
C3A
  8
TOPOVERLAY
 66
     1
 10
0.0
 20
0.0
 30
0.0
 70
     1
 40
0.004921
 41
0.004921
 75
     8
  0
VERTEX
  5
C3B
  8
TOPOVERLAY
 10
-0.1823815
 20
0.358268
 30
0.0
 42
1.0
  0
VERTEX
  5
C3C
  8
TOPOVERLAY
 10
-0.1774605
 20
0.358268
 30
0.0
 42
1.0
  0
SEQEND
  5
C3D
  8
0
  0
SOLID
  5
C3E
  8
TOPLAYER
 10
-0.1899605
 20
0.0531495
 30
0.0
 11
-0.1600395
 21
0.0531495
 31
0.0
 12
-0.1899605
 22
0.3366145
 32
0.0
 13
-0.1600395
 23
0.3366145
 33
0.0
  0
SOLID
  5
C3F
  8
TOPPASTE
 10
-0.1899605
 20
0.0531495
 30
0.0
 11
-0.1600395
 21
0.0531495
 31
0.0
 12
-0.1899605
 22
0.3366145
 32
0.0
 13
-0.1600395
 23
0.3366145
 33
0.0
  0
SOLID
  5
C40
  8
TOPSOLDER
 10
-0.1939605
 20
0.0491495
 30
0.0
 11
-0.1560395
 21
0.0491495
 31
0.0
 12
-0.1939605
 22
0.3406145
 32
0.0
 13
-0.1560395
 23
0.3406145
 33
0.0
  0
SOLID
  5
C41
  8
TOPLAYER
 10
-0.1399605
 20
0.0531495
 30
0.0
 11
-0.1100395
 21
0.0531495
 31
0.0
 12
-0.1399605
 22
0.3366145
 32
0.0
 13
-0.1100395
 23
0.3366145
 33
0.0
  0
SOLID
  5
C42
  8
TOPPASTE
 10
-0.1399605
 20
0.0531495
 30
0.0
 11
-0.1100395
 21
0.0531495
 31
0.0
 12
-0.1399605
 22
0.3366145
 32
0.0
 13
-0.1100395
 23
0.3366145
 33
0.0
  0
SOLID
  5
C43
  8
TOPSOLDER
 10
-0.1439605
 20
0.0491495
 30
0.0
 11
-0.1060395
 21
0.0491495
 31
0.0
 12
-0.1439605
 22
0.3406145
 32
0.0
 13
-0.1060395
 23
0.3406145
 33
0.0
  0
SOLID
  5
C44
  8
TOPLAYER
 10
-0.0899605
 20
0.0531495
 30
0.0
 11
-0.0600395
 21
0.0531495
 31
0.0
 12
-0.0899605
 22
0.3366145
 32
0.0
 13
-0.0600395
 23
0.3366145
 33
0.0
  0
SOLID
  5
C45
  8
TOPPASTE
 10
-0.0899605
 20
0.0531495
 30
0.0
 11
-0.0600395
 21
0.0531495
 31
0.0
 12
-0.0899605
 22
0.3366145
 32
0.0
 13
-0.0600395
 23
0.3366145
 33
0.0
  0
SOLID
  5
C46
  8
TOPSOLDER
 10
-0.0939605
 20
0.0491495
 30
0.0
 11
-0.0560395
 21
0.0491495
 31
0.0
 12
-0.0939605
 22
0.3406145
 32
0.0
 13
-0.0560395
 23
0.3406145
 33
0.0
  0
SOLID
  5
C47
  8
TOPLAYER
 10
-0.0399605
 20
0.0531495
 30
0.0
 11
-0.0100395
 21
0.0531495
 31
0.0
 12
-0.0399605
 22
0.3366145
 32
0.0
 13
-0.0100395
 23
0.3366145
 33
0.0
  0
SOLID
  5
C48
  8
TOPPASTE
 10
-0.0399605
 20
0.0531495
 30
0.0
 11
-0.0100395
 21
0.0531495
 31
0.0
 12
-0.0399605
 22
0.3366145
 32
0.0
 13
-0.0100395
 23
0.3366145
 33
0.0
  0
SOLID
  5
C49
  8
TOPSOLDER
 10
-0.0439605
 20
0.0491495
 30
0.0
 11
-0.0060395
 21
0.0491495
 31
0.0
 12
-0.0439605
 22
0.3406145
 32
0.0
 13
-0.0060395
 23
0.3406145
 33
0.0
  0
SOLID
  5
C4A
  8
TOPLAYER
 10
0.0100395
 20
0.0531495
 30
0.0
 11
0.0399605
 21
0.0531495
 31
0.0
 12
0.0100395
 22
0.3366145
 32
0.0
 13
0.0399605
 23
0.3366145
 33
0.0
  0
SOLID
  5
C4B
  8
TOPPASTE
 10
0.0100395
 20
0.0531495
 30
0.0
 11
0.0399605
 21
0.0531495
 31
0.0
 12
0.0100395
 22
0.3366145
 32
0.0
 13
0.0399605
 23
0.3366145
 33
0.0
  0
SOLID
  5
C4C
  8
TOPSOLDER
 10
0.0060395
 20
0.0491495
 30
0.0
 11
0.0439605
 21
0.0491495
 31
0.0
 12
0.0060395
 22
0.3406145
 32
0.0
 13
0.0439605
 23
0.3406145
 33
0.0
  0
SOLID
  5
C4D
  8
TOPLAYER
 10
0.0600395
 20
0.0531495
 30
0.0
 11
0.0899605
 21
0.0531495
 31
0.0
 12
0.0600395
 22
0.3366145
 32
0.0
 13
0.0899605
 23
0.3366145
 33
0.0
  0
SOLID
  5
C4E
  8
TOPPASTE
 10
0.0600395
 20
0.0531495
 30
0.0
 11
0.0899605
 21
0.0531495
 31
0.0
 12
0.0600395
 22
0.3366145
 32
0.0
 13
0.0899605
 23
0.3366145
 33
0.0
  0
SOLID
  5
C4F
  8
TOPSOLDER
 10
0.0560395
 20
0.0491495
 30
0.0
 11
0.0939605
 21
0.0491495
 31
0.0
 12
0.0560395
 22
0.3406145
 32
0.0
 13
0.0939605
 23
0.3406145
 33
0.0
  0
SOLID
  5
C50
  8
TOPLAYER
 10
0.1100395
 20
0.0531495
 30
0.0
 11
0.1399605
 21
0.0531495
 31
0.0
 12
0.1100395
 22
0.3366145
 32
0.0
 13
0.1399605
 23
0.3366145
 33
0.0
  0
SOLID
  5
C51
  8
TOPPASTE
 10
0.1100395
 20
0.0531495
 30
0.0
 11
0.1399605
 21
0.0531495
 31
0.0
 12
0.1100395
 22
0.3366145
 32
0.0
 13
0.1399605
 23
0.3366145
 33
0.0
  0
SOLID
  5
C52
  8
TOPSOLDER
 10
0.1060395
 20
0.0491495
 30
0.0
 11
0.1439605
 21
0.0491495
 31
0.0
 12
0.1060395
 22
0.3406145
 32
0.0
 13
0.1439605
 23
0.3406145
 33
0.0
  0
SOLID
  5
C53
  8
TOPLAYER
 10
0.1600395
 20
0.0531495
 30
0.0
 11
0.1899605
 21
0.0531495
 31
0.0
 12
0.1600395
 22
0.3366145
 32
0.0
 13
0.1899605
 23
0.3366145
 33
0.0
  0
SOLID
  5
C54
  8
TOPPASTE
 10
0.1600395
 20
0.0531495
 30
0.0
 11
0.1899605
 21
0.0531495
 31
0.0
 12
0.1600395
 22
0.3366145
 32
0.0
 13
0.1899605
 23
0.3366145
 33
0.0
  0
SOLID
  5
C55
  8
TOPSOLDER
 10
0.1560395
 20
0.0491495
 30
0.0
 11
0.1939605
 21
0.0491495
 31
0.0
 12
0.1560395
 22
0.3406145
 32
0.0
 13
0.1939605
 23
0.3406145
 33
0.0
  0
POLYLINE
  5
C56
  8
TOPLAYER
 66
     1
 10
0.0
 20
0.0
 30
0.0
 70
     1
 40
0.058071
 41
0.058071
 75
     8
  0
VERTEX
  5
C57
  8
TOPLAYER
 10
-0.2540355
 20
-0.194882
 30
0.0
 42
1.0
  0
VERTEX
  5
C58
  8
TOPLAYER
 10
-0.1959645
 20
-0.194882
 30
0.0
 42
1.0
  0
SEQEND
  5
C59
  8
0
  0
POLYLINE
  5
C5A
  8
BOTTOMLAYER
 66
     1
 10
0.0
 20
0.0
 30
0.0
 70
     1
 40
0.058071
 41
0.058071
 75
     8
  0
VERTEX
  5
C5B
  8
BOTTOMLAYER
 10
-0.2540355
 20
-0.194882
 30
0.0
 42
1.0
  0
VERTEX
  5
C5C
  8
BOTTOMLAYER
 10
-0.1959645
 20
-0.194882
 30
0.0
 42
1.0
  0
SEQEND
  5
C5D
  8
0
  0
POLYLINE
  5
C5E
  8
TOPSOLDER
 66
     1
 10
0.0
 20
0.0
 30
0.0
 70
     1
 40
0.062071
 41
0.062071
 75
     8
  0
VERTEX
  5
C5F
  8
TOPSOLDER
 10
-0.2560355
 20
-0.194882
 30
0.0
 42
1.0
  0
VERTEX
  5
C60
  8
TOPSOLDER
 10
-0.1939645
 20
-0.194882
 30
0.0
 42
1.0
  0
SEQEND
  5
C61
  8
0
  0
POLYLINE
  5
C62
  8
BOTTOMSOLDER
 66
     1
 10
0.0
 20
0.0
 30
0.0
 70
     1
 40
0.062071
 41
0.062071
 75
     8
  0
VERTEX
  5
C63
  8
BOTTOMSOLDER
 10
-0.2560355
 20
-0.194882
 30
0.0
 42
1.0
  0
VERTEX
  5
C64
  8
BOTTOMSOLDER
 10
-0.1939645
 20
-0.194882
 30
0.0
 42
1.0
  0
SEQEND
  5
C65
  8
0
  0
POLYLINE
  5
C66
  8
MULTILAYER
 66
     1
 10
0.0
 20
0.0
 30
0.0
 70
     1
 40
0.058071
 41
0.058071
 75
     8
  0
VERTEX
  5
C67
  8
MULTILAYER
 10
-0.2540355
 20
-0.194882
 30
0.0
 42
1.0
  0
VERTEX
  5
C68
  8
MULTILAYER
 10
-0.1959645
 20
-0.194882
 30
0.0
 42
1.0
  0
SEQEND
  5
C69
  8
0
  0
POLYLINE
  5
C6A
  8
TOPLAYER
 66
     1
 10
0.0
 20
0.0
 30
0.0
 70
     1
 40
0.058071
 41
0.058071
 75
     8
  0
VERTEX
  5
C6B
  8
TOPLAYER
 10
0.1959645
 20
-0.194882
 30
0.0
 42
1.0
  0
VERTEX
  5
C6C
  8
TOPLAYER
 10
0.2540355
 20
-0.194882
 30
0.0
 42
1.0
  0
SEQEND
  5
C6D
  8
0
  0
POLYLINE
  5
C6E
  8
BOTTOMLAYER
 66
     1
 10
0.0
 20
0.0
 30
0.0
 70
     1
 40
0.058071
 41
0.058071
 75
     8
  0
VERTEX
  5
C6F
  8
BOTTOMLAYER
 10
0.1959645
 20
-0.194882
 30
0.0
 42
1.0
  0
VERTEX
  5
C70
  8
BOTTOMLAYER
 10
0.2540355
 20
-0.194882
 30
0.0
 42
1.0
  0
SEQEND
  5
C71
  8
0
  0
POLYLINE
  5
C72
  8
TOPSOLDER
 66
     1
 10
0.0
 20
0.0
 30
0.0
 70
     1
 40
0.062071
 41
0.062071
 75
     8
  0
VERTEX
  5
C73
  8
TOPSOLDER
 10
0.1939645
 20
-0.194882
 30
0.0
 42
1.0
  0
VERTEX
  5
C74
  8
TOPSOLDER
 10
0.2560355
 20
-0.194882
 30
0.0
 42
1.0
  0
SEQEND
  5
C75
  8
0
  0
POLYLINE
  5
C76
  8
BOTTOMSOLDER
 66
     1
 10
0.0
 20
0.0
 30
0.0
 70
     1
 40
0.062071
 41
0.062071
 75
     8
  0
VERTEX
  5
C77
  8
BOTTOMSOLDER
 10
0.1939645
 20
-0.194882
 30
0.0
 42
1.0
  0
VERTEX
  5
C78
  8
BOTTOMSOLDER
 10
0.2560355
 20
-0.194882
 30
0.0
 42
1.0
  0
SEQEND
  5
C79
  8
0
  0
POLYLINE
  5
C7A
  8
MULTILAYER
 66
     1
 10
0.0
 20
0.0
 30
0.0
 70
     1
 40
0.058071
 41
0.058071
 75
     8
  0
VERTEX
  5
C7B
  8
MULTILAYER
 10
0.1959645
 20
-0.194882
 30
0.0
 42
1.0
  0
VERTEX
  5
C7C
  8
MULTILAYER
 10
0.2540355
 20
-0.194882
 30
0.0
 42
1.0
  0
SEQEND
  5
C7D
  8
0
  0
ENDBLK
  5
C7E
  8
0
  0
BLOCK
  8
0
  2
HDR1X8_7
 70
     0
 10
0.0
 20
0.0
 30
0.0
  3
HDR1X8_7
  1

  0
POLYLINE
  5
C81
  8
TOPOVERLAY
 66
     1
 10
0.0
 20
0.0
 30
0.0
 40
0.007874
 41
0.007874
 75
     8
  0
VERTEX
  5
C82
  8
TOPOVERLAY
 10
0.75
 20
-0.05
 30
0.0
  0
VERTEX
  5
C83
  8
TOPOVERLAY
 10
0.75
 20
0.05
 30
0.0
  0
SEQEND
  5
C84
  8
0
  0
POLYLINE
  5
C85
  8
TOPOVERLAY
 66
     1
 10
0.0
 20
0.0
 30
0.0
 70
     1
 40
0.003937
 41
0.003937
 75
     8
  0
VERTEX
  5
C86
  8
TOPOVERLAY
 10
0.7480315
 20
-0.05
 30
0.0
 42
1.0
  0
VERTEX
  5
C87
  8
TOPOVERLAY
 10
0.7519685000000002
 20
-0.05
 30
0.0
 42
1.0
  0
SEQEND
  5
C88
  8
0
  0
POLYLINE
  5
C89
  8
TOPOVERLAY
 66
     1
 10
0.0
 20
0.0
 30
0.0
 70
     1
 40
0.003937
 41
0.003937
 75
     8
  0
VERTEX
  5
C8A
  8
TOPOVERLAY
 10
0.7480315
 20
0.05
 30
0.0
 42
1.0
  0
VERTEX
  5
C8B
  8
TOPOVERLAY
 10
0.7519685000000002
 20
0.05
 30
0.0
 42
1.0
  0
SEQEND
  5
C8C
  8
0
  0
POLYLINE
  5
C8D
  8
TOPOVERLAY
 66
     1
 10
0.0
 20
0.0
 30
0.0
 40
0.007874
 41
0.007874
 75
     8
  0
VERTEX
  5
C8E
  8
TOPOVERLAY
 10
-0.05
 20
-0.05
 30
0.0
  0
VERTEX
  5
C8F
  8
TOPOVERLAY
 10
0.75
 20
-0.05
 30
0.0
  0
SEQEND
  5
C90
  8
0
  0
POLYLINE
  5
C91
  8
TOPOVERLAY
 66
     1
 10
0.0
 20
0.0
 30
0.0
 70
     1
 40
0.003937
 41
0.003937
 75
     8
  0
VERTEX
  5
C92
  8
TOPOVERLAY
 10
-0.0519685
 20
-0.05
 30
0.0
 42
1.0
  0
VERTEX
  5
C93
  8
TOPOVERLAY
 10
-0.0480315
 20
-0.05
 30
0.0
 42
1.0
  0
SEQEND
  5
C94
  8
0
  0
POLYLINE
  5
C95
  8
TOPOVERLAY
 66
     1
 10
0.0
 20
0.0
 30
0.0
 70
     1
 40
0.003937
 41
0.003937
 75
     8
  0
VERTEX
  5
C96
  8
TOPOVERLAY
 10
0.7480315
 20
-0.05
 30
0.0
 42
1.0
  0
VERTEX
  5
C97
  8
TOPOVERLAY
 10
0.7519685000000002
 20
-0.05
 30
0.0
 42
1.0
  0
SEQEND
  5
C98
  8
0
  0
POLYLINE
  5
C99
  8
TOPOVERLAY
 66
     1
 10
0.0
 20
0.0
 30
0.0
 40
0.007874
 41
0.007874
 75
     8
  0
VERTEX
  5
C9A
  8
TOPOVERLAY
 10
-0.05
 20
-0.05
 30
0.0
  0
VERTEX
  5
C9B
  8
TOPOVERLAY
 10
-0.05
 20
0.05
 30
0.0
  0
SEQEND
  5
C9C
  8
0
  0
POLYLINE
  5
C9D
  8
TOPOVERLAY
 66
     1
 10
0.0
 20
0.0
 30
0.0
 70
     1
 40
0.003937
 41
0.003937
 75
     8
  0
VERTEX
  5
C9E
  8
TOPOVERLAY
 10
-0.0519685
 20
-0.05
 30
0.0
 42
1.0
  0
VERTEX
  5
C9F
  8
TOPOVERLAY
 10
-0.0480315
 20
-0.05
 30
0.0
 42
1.0
  0
SEQEND
  5
CA0
  8
0
  0
POLYLINE
  5
CA1
  8
TOPOVERLAY
 66
     1
 10
0.0
 20
0.0
 30
0.0
 70
     1
 40
0.003937
 41
0.003937
 75
     8
  0
VERTEX
  5
CA2
  8
TOPOVERLAY
 10
-0.0519685
 20
0.05
 30
0.0
 42
1.0
  0
VERTEX
  5
CA3
  8
TOPOVERLAY
 10
-0.0480315
 20
0.05
 30
0.0
 42
1.0
  0
SEQEND
  5
CA4
  8
0
  0
POLYLINE
  5
CA5
  8
TOPOVERLAY
 66
     1
 10
0.0
 20
0.0
 30
0.0
 40
0.007874
 41
0.007874
 75
     8
  0
VERTEX
  5
CA6
  8
TOPOVERLAY
 10
-0.05
 20
0.05
 30
0.0
  0
VERTEX
  5
CA7
  8
TOPOVERLAY
 10
0.75
 20
0.05
 30
0.0
  0
SEQEND
  5
CA8
  8
0
  0
POLYLINE
  5
CA9
  8
TOPOVERLAY
 66
     1
 10
0.0
 20
0.0
 30
0.0
 70
     1
 40
0.003937
 41
0.003937
 75
     8
  0
VERTEX
  5
CAA
  8
TOPOVERLAY
 10
-0.0519685
 20
0.05
 30
0.0
 42
1.0
  0
VERTEX
  5
CAB
  8
TOPOVERLAY
 10
-0.0480315
 20
0.05
 30
0.0
 42
1.0
  0
SEQEND
  5
CAC
  8
0
  0
POLYLINE
  5
CAD
  8
TOPOVERLAY
 66
     1
 10
0.0
 20
0.0
 30
0.0
 70
     1
 40
0.003937
 41
0.003937
 75
     8
  0
VERTEX
  5
CAE
  8
TOPOVERLAY
 10
0.7480315
 20
0.05
 30
0.0
 42
1.0
  0
VERTEX
  5
CAF
  8
TOPOVERLAY
 10
0.7519685000000002
 20
0.05
 30
0.0
 42
1.0
  0
SEQEND
  5
CB0
  8
0
  0
SOLID
  5
CB1
  8
TOPLAYER
 10
-0.035
 20
-0.035
 30
0.0
 11
0.035
 21
-0.035
 31
0.0
 12
-0.035
 22
0.035
 32
0.0
 13
0.035
 23
0.035
 33
0.0
  0
SOLID
  5
CB2
  8
BOTTOMLAYER
 10
-0.035
 20
-0.035
 30
0.0
 11
0.035
 21
-0.035
 31
0.0
 12
-0.035
 22
0.035
 32
0.0
 13
0.035
 23
0.035
 33
0.0
  0
SOLID
  5
CB3
  8
TOPSOLDER
 10
-0.039
 20
-0.039
 30
0.0
 11
0.039
 21
-0.039
 31
0.0
 12
-0.039
 22
0.039
 32
0.0
 13
0.039
 23
0.039
 33
0.0
  0
SOLID
  5
CB4
  8
BOTTOMSOLDER
 10
-0.039
 20
-0.039
 30
0.0
 11
0.039
 21
-0.039
 31
0.0
 12
-0.039
 22
0.039
 32
0.0
 13
0.039
 23
0.039
 33
0.0
  0
SOLID
  5
CB5
  8
MULTILAYER
 10
-0.035
 20
-0.035
 30
0.0
 11
0.035
 21
-0.035
 31
0.0
 12
-0.035
 22
0.035
 32
0.0
 13
0.035
 23
0.035
 33
0.0
  0
POLYLINE
  5
CB6
  8
TOPLAYER
 66
     1
 10
0.0
 20
0.0
 30
0.0
 70
     1
 40
0.035
 41
0.035
 75
     8
  0
VERTEX
  5
CB7
  8
TOPLAYER
 10
0.0825
 20
0.0
 30
0.0
 42
1.0
  0
VERTEX
  5
CB8
  8
TOPLAYER
 10
0.1175
 20
0.0
 30
0.0
 42
1.0
  0
SEQEND
  5
CB9
  8
0
  0
POLYLINE
  5
CBA
  8
BOTTOMLAYER
 66
     1
 10
0.0
 20
0.0
 30
0.0
 70
     1
 40
0.035
 41
0.035
 75
     8
  0
VERTEX
  5
CBB
  8
BOTTOMLAYER
 10
0.0825
 20
0.0
 30
0.0
 42
1.0
  0
VERTEX
  5
CBC
  8
BOTTOMLAYER
 10
0.1175
 20
0.0
 30
0.0
 42
1.0
  0
SEQEND
  5
CBD
  8
0
  0
POLYLINE
  5
CBE
  8
TOPSOLDER
 66
     1
 10
0.0
 20
0.0
 30
0.0
 70
     1
 40
0.039
 41
0.039
 75
     8
  0
VERTEX
  5
CBF
  8
TOPSOLDER
 10
0.0805
 20
0.0
 30
0.0
 42
1.0
  0
VERTEX
  5
CC0
  8
TOPSOLDER
 10
0.1195
 20
0.0
 30
0.0
 42
1.0
  0
SEQEND
  5
CC1
  8
0
  0
POLYLINE
  5
CC2
  8
BOTTOMSOLDER
 66
     1
 10
0.0
 20
0.0
 30
0.0
 70
     1
 40
0.039
 41
0.039
 75
     8
  0
VERTEX
  5
CC3
  8
BOTTOMSOLDER
 10
0.0805
 20
0.0
 30
0.0
 42
1.0
  0
VERTEX
  5
CC4
  8
BOTTOMSOLDER
 10
0.1195
 20
0.0
 30
0.0
 42
1.0
  0
SEQEND
  5
CC5
  8
0
  0
POLYLINE
  5
CC6
  8
MULTILAYER
 66
     1
 10
0.0
 20
0.0
 30
0.0
 70
     1
 40
0.035
 41
0.035
 75
     8
  0
VERTEX
  5
CC7
  8
MULTILAYER
 10
0.0825
 20
0.0
 30
0.0
 42
1.0
  0
VERTEX
  5
CC8
  8
MULTILAYER
 10
0.1175
 20
0.0
 30
0.0
 42
1.0
  0
SEQEND
  5
CC9
  8
0
  0
POLYLINE
  5
CCA
  8
TOPLAYER
 66
     1
 10
0.0
 20
0.0
 30
0.0
 70
     1
 40
0.035
 41
0.035
 75
     8
  0
VERTEX
  5
CCB
  8
TOPLAYER
 10
0.1825
 20
0.0
 30
0.0
 42
1.0
  0
VERTEX
  5
CCC
  8
TOPLAYER
 10
0.2175
 20
0.0
 30
0.0
 42
1.0
  0
SEQEND
  5
CCD
  8
0
  0
POLYLINE
  5
CCE
  8
BOTTOMLAYER
 66
     1
 10
0.0
 20
0.0
 30
0.0
 70
     1
 40
0.035
 41
0.035
 75
     8
  0
VERTEX
  5
CCF
  8
BOTTOMLAYER
 10
0.1825
 20
0.0
 30
0.0
 42
1.0
  0
VERTEX
  5
CD0
  8
BOTTOMLAYER
 10
0.2175
 20
0.0
 30
0.0
 42
1.0
  0
SEQEND
  5
CD1
  8
0
  0
POLYLINE
  5
CD2
  8
TOPSOLDER
 66
     1
 10
0.0
 20
0.0
 30
0.0
 70
     1
 40
0.039
 41
0.039
 75
     8
  0
VERTEX
  5
CD3
  8
TOPSOLDER
 10
0.1805
 20
0.0
 30
0.0
 42
1.0
  0
VERTEX
  5
CD4
  8
TOPSOLDER
 10
0.2195
 20
0.0
 30
0.0
 42
1.0
  0
SEQEND
  5
CD5
  8
0
  0
POLYLINE
  5
CD6
  8
BOTTOMSOLDER
 66
     1
 10
0.0
 20
0.0
 30
0.0
 70
     1
 40
0.039
 41
0.039
 75
     8
  0
VERTEX
  5
CD7
  8
BOTTOMSOLDER
 10
0.1805
 20
0.0
 30
0.0
 42
1.0
  0
VERTEX
  5
CD8
  8
BOTTOMSOLDER
 10
0.2195
 20
0.0
 30
0.0
 42
1.0
  0
SEQEND
  5
CD9
  8
0
  0
POLYLINE
  5
CDA
  8
MULTILAYER
 66
     1
 10
0.0
 20
0.0
 30
0.0
 70
     1
 40
0.035
 41
0.035
 75
     8
  0
VERTEX
  5
CDB
  8
MULTILAYER
 10
0.1825
 20
0.0
 30
0.0
 42
1.0
  0
VERTEX
  5
CDC
  8
MULTILAYER
 10
0.2175
 20
0.0
 30
0.0
 42
1.0
  0
SEQEND
  5
CDD
  8
0
  0
POLYLINE
  5
CDE
  8
TOPLAYER
 66
     1
 10
0.0
 20
0.0
 30
0.0
 70
     1
 40
0.035
 41
0.035
 75
     8
  0
VERTEX
  5
CDF
  8
TOPLAYER
 10
0.2825
 20
0.0
 30
0.0
 42
1.0
  0
VERTEX
  5
CE0
  8
TOPLAYER
 10
0.3175
 20
0.0
 30
0.0
 42
1.0
  0
SEQEND
  5
CE1
  8
0
  0
POLYLINE
  5
CE2
  8
BOTTOMLAYER
 66
     1
 10
0.0
 20
0.0
 30
0.0
 70
     1
 40
0.035
 41
0.035
 75
     8
  0
VERTEX
  5
CE3
  8
BOTTOMLAYER
 10
0.2825
 20
0.0
 30
0.0
 42
1.0
  0
VERTEX
  5
CE4
  8
BOTTOMLAYER
 10
0.3175
 20
0.0
 30
0.0
 42
1.0
  0
SEQEND
  5
CE5
  8
0
  0
POLYLINE
  5
CE6
  8
TOPSOLDER
 66
     1
 10
0.0
 20
0.0
 30
0.0
 70
     1
 40
0.039
 41
0.039
 75
     8
  0
VERTEX
  5
CE7
  8
TOPSOLDER
 10
0.2805
 20
0.0
 30
0.0
 42
1.0
  0
VERTEX
  5
CE8
  8
TOPSOLDER
 10
0.3195
 20
0.0
 30
0.0
 42
1.0
  0
SEQEND
  5
CE9
  8
0
  0
POLYLINE
  5
CEA
  8
BOTTOMSOLDER
 66
     1
 10
0.0
 20
0.0
 30
0.0
 70
     1
 40
0.039
 41
0.039
 75
     8
  0
VERTEX
  5
CEB
  8
BOTTOMSOLDER
 10
0.2805
 20
0.0
 30
0.0
 42
1.0
  0
VERTEX
  5
CEC
  8
BOTTOMSOLDER
 10
0.3195
 20
0.0
 30
0.0
 42
1.0
  0
SEQEND
  5
CED
  8
0
  0
POLYLINE
  5
CEE
  8
MULTILAYER
 66
     1
 10
0.0
 20
0.0
 30
0.0
 70
     1
 40
0.035
 41
0.035
 75
     8
  0
VERTEX
  5
CEF
  8
MULTILAYER
 10
0.2825
 20
0.0
 30
0.0
 42
1.0
  0
VERTEX
  5
CF0
  8
MULTILAYER
 10
0.3175
 20
0.0
 30
0.0
 42
1.0
  0
SEQEND
  5
CF1
  8
0
  0
POLYLINE
  5
CF2
  8
TOPLAYER
 66
     1
 10
0.0
 20
0.0
 30
0.0
 70
     1
 40
0.035
 41
0.035
 75
     8
  0
VERTEX
  5
CF3
  8
TOPLAYER
 10
0.3825
 20
0.0
 30
0.0
 42
1.0
  0
VERTEX
  5
CF4
  8
TOPLAYER
 10
0.4175
 20
0.0
 30
0.0
 42
1.0
  0
SEQEND
  5
CF5
  8
0
  0
POLYLINE
  5
CF6
  8
BOTTOMLAYER
 66
     1
 10
0.0
 20
0.0
 30
0.0
 70
     1
 40
0.035
 41
0.035
 75
     8
  0
VERTEX
  5
CF7
  8
BOTTOMLAYER
 10
0.3825
 20
0.0
 30
0.0
 42
1.0
  0
VERTEX
  5
CF8
  8
BOTTOMLAYER
 10
0.4175
 20
0.0
 30
0.0
 42
1.0
  0
SEQEND
  5
CF9
  8
0
  0
POLYLINE
  5
CFA
  8
TOPSOLDER
 66
     1
 10
0.0
 20
0.0
 30
0.0
 70
     1
 40
0.039
 41
0.039
 75
     8
  0
VERTEX
  5
CFB
  8
TOPSOLDER
 10
0.3805
 20
0.0
 30
0.0
 42
1.0
  0
VERTEX
  5
CFC
  8
TOPSOLDER
 10
0.4195000000000001
 20
0.0
 30
0.0
 42
1.0
  0
SEQEND
  5
CFD
  8
0
  0
POLYLINE
  5
CFE
  8
BOTTOMSOLDER
 66
     1
 10
0.0
 20
0.0
 30
0.0
 70
     1
 40
0.039
 41
0.039
 75
     8
  0
VERTEX
  5
CFF
  8
BOTTOMSOLDER
 10
0.3805
 20
0.0
 30
0.0
 42
1.0
  0
VERTEX
  5
D00
  8
BOTTOMSOLDER
 10
0.4195000000000001
 20
0.0
 30
0.0
 42
1.0
  0
SEQEND
  5
D01
  8
0
  0
POLYLINE
  5
D02
  8
MULTILAYER
 66
     1
 10
0.0
 20
0.0
 30
0.0
 70
     1
 40
0.035
 41
0.035
 75
     8
  0
VERTEX
  5
D03
  8
MULTILAYER
 10
0.3825
 20
0.0
 30
0.0
 42
1.0
  0
VERTEX
  5
D04
  8
MULTILAYER
 10
0.4175
 20
0.0
 30
0.0
 42
1.0
  0
SEQEND
  5
D05
  8
0
  0
POLYLINE
  5
D06
  8
TOPLAYER
 66
     1
 10
0.0
 20
0.0
 30
0.0
 70
     1
 40
0.035
 41
0.035
 75
     8
  0
VERTEX
  5
D07
  8
TOPLAYER
 10
0.4825000000000001
 20
0.0
 30
0.0
 42
1.0
  0
VERTEX
  5
D08
  8
TOPLAYER
 10
0.5175
 20
0.0
 30
0.0
 42
1.0
  0
SEQEND
  5
D09
  8
0
  0
POLYLINE
  5
D0A
  8
BOTTOMLAYER
 66
     1
 10
0.0
 20
0.0
 30
0.0
 70
     1
 40
0.035
 41
0.035
 75
     8
  0
VERTEX
  5
D0B
  8
BOTTOMLAYER
 10
0.4825000000000001
 20
0.0
 30
0.0
 42
1.0
  0
VERTEX
  5
D0C
  8
BOTTOMLAYER
 10
0.5175
 20
0.0
 30
0.0
 42
1.0
  0
SEQEND
  5
D0D
  8
0
  0
POLYLINE
  5
D0E
  8
TOPSOLDER
 66
     1
 10
0.0
 20
0.0
 30
0.0
 70
     1
 40
0.039
 41
0.039
 75
     8
  0
VERTEX
  5
D0F
  8
TOPSOLDER
 10
0.4805
 20
0.0
 30
0.0
 42
1.0
  0
VERTEX
  5
D10
  8
TOPSOLDER
 10
0.5195
 20
0.0
 30
0.0
 42
1.0
  0
SEQEND
  5
D11
  8
0
  0
POLYLINE
  5
D12
  8
BOTTOMSOLDER
 66
     1
 10
0.0
 20
0.0
 30
0.0
 70
     1
 40
0.039
 41
0.039
 75
     8
  0
VERTEX
  5
D13
  8
BOTTOMSOLDER
 10
0.4805
 20
0.0
 30
0.0
 42
1.0
  0
VERTEX
  5
D14
  8
BOTTOMSOLDER
 10
0.5195
 20
0.0
 30
0.0
 42
1.0
  0
SEQEND
  5
D15
  8
0
  0
POLYLINE
  5
D16
  8
MULTILAYER
 66
     1
 10
0.0
 20
0.0
 30
0.0
 70
     1
 40
0.035
 41
0.035
 75
     8
  0
VERTEX
  5
D17
  8
MULTILAYER
 10
0.4825000000000001
 20
0.0
 30
0.0
 42
1.0
  0
VERTEX
  5
D18
  8
MULTILAYER
 10
0.5175
 20
0.0
 30
0.0
 42
1.0
  0
SEQEND
  5
D19
  8
0
  0
POLYLINE
  5
D1A
  8
TOPLAYER
 66
     1
 10
0.0
 20
0.0
 30
0.0
 70
     1
 40
0.035
 41
0.035
 75
     8
  0
VERTEX
  5
D1B
  8
TOPLAYER
 10
0.5825000000000001
 20
0.0
 30
0.0
 42
1.0
  0
VERTEX
  5
D1C
  8
TOPLAYER
 10
0.6175000000000001
 20
0.0
 30
0.0
 42
1.0
  0
SEQEND
  5
D1D
  8
0
  0
POLYLINE
  5
D1E
  8
BOTTOMLAYER
 66
     1
 10
0.0
 20
0.0
 30
0.0
 70
     1
 40
0.035
 41
0.035
 75
     8
  0
VERTEX
  5
D1F
  8
BOTTOMLAYER
 10
0.5825000000000001
 20
0.0
 30
0.0
 42
1.0
  0
VERTEX
  5
D20
  8
BOTTOMLAYER
 10
0.6175000000000001
 20
0.0
 30
0.0
 42
1.0
  0
SEQEND
  5
D21
  8
0
  0
POLYLINE
  5
D22
  8
TOPSOLDER
 66
     1
 10
0.0
 20
0.0
 30
0.0
 70
     1
 40
0.039
 41
0.039
 75
     8
  0
VERTEX
  5
D23
  8
TOPSOLDER
 10
0.5805
 20
0.0
 30
0.0
 42
1.0
  0
VERTEX
  5
D24
  8
TOPSOLDER
 10
0.6195000000000001
 20
0.0
 30
0.0
 42
1.0
  0
SEQEND
  5
D25
  8
0
  0
POLYLINE
  5
D26
  8
BOTTOMSOLDER
 66
     1
 10
0.0
 20
0.0
 30
0.0
 70
     1
 40
0.039
 41
0.039
 75
     8
  0
VERTEX
  5
D27
  8
BOTTOMSOLDER
 10
0.5805
 20
0.0
 30
0.0
 42
1.0
  0
VERTEX
  5
D28
  8
BOTTOMSOLDER
 10
0.6195000000000001
 20
0.0
 30
0.0
 42
1.0
  0
SEQEND
  5
D29
  8
0
  0
POLYLINE
  5
D2A
  8
MULTILAYER
 66
     1
 10
0.0
 20
0.0
 30
0.0
 70
     1
 40
0.035
 41
0.035
 75
     8
  0
VERTEX
  5
D2B
  8
MULTILAYER
 10
0.5825000000000001
 20
0.0
 30
0.0
 42
1.0
  0
VERTEX
  5
D2C
  8
MULTILAYER
 10
0.6175000000000001
 20
0.0
 30
0.0
 42
1.0
  0
SEQEND
  5
D2D
  8
0
  0
POLYLINE
  5
D2E
  8
TOPLAYER
 66
     1
 10
0.0
 20
0.0
 30
0.0
 70
     1
 40
0.035
 41
0.035
 75
     8
  0
VERTEX
  5
D2F
  8
TOPLAYER
 10
0.6825000000000001
 20
0.0
 30
0.0
 42
1.0
  0
VERTEX
  5
D30
  8
TOPLAYER
 10
0.7175000000000001
 20
0.0
 30
0.0
 42
1.0
  0
SEQEND
  5
D31
  8
0
  0
POLYLINE
  5
D32
  8
BOTTOMLAYER
 66
     1
 10
0.0
 20
0.0
 30
0.0
 70
     1
 40
0.035
 41
0.035
 75
     8
  0
VERTEX
  5
D33
  8
BOTTOMLAYER
 10
0.6825000000000001
 20
0.0
 30
0.0
 42
1.0
  0
VERTEX
  5
D34
  8
BOTTOMLAYER
 10
0.7175000000000001
 20
0.0
 30
0.0
 42
1.0
  0
SEQEND
  5
D35
  8
0
  0
POLYLINE
  5
D36
  8
TOPSOLDER
 66
     1
 10
0.0
 20
0.0
 30
0.0
 70
     1
 40
0.039
 41
0.039
 75
     8
  0
VERTEX
  5
D37
  8
TOPSOLDER
 10
0.6805
 20
0.0
 30
0.0
 42
1.0
  0
VERTEX
  5
D38
  8
TOPSOLDER
 10
0.7195000000000001
 20
0.0
 30
0.0
 42
1.0
  0
SEQEND
  5
D39
  8
0
  0
POLYLINE
  5
D3A
  8
BOTTOMSOLDER
 66
     1
 10
0.0
 20
0.0
 30
0.0
 70
     1
 40
0.039
 41
0.039
 75
     8
  0
VERTEX
  5
D3B
  8
BOTTOMSOLDER
 10
0.6805
 20
0.0
 30
0.0
 42
1.0
  0
VERTEX
  5
D3C
  8
BOTTOMSOLDER
 10
0.7195000000000001
 20
0.0
 30
0.0
 42
1.0
  0
SEQEND
  5
D3D
  8
0
  0
POLYLINE
  5
D3E
  8
MULTILAYER
 66
     1
 10
0.0
 20
0.0
 30
0.0
 70
     1
 40
0.035
 41
0.035
 75
     8
  0
VERTEX
  5
D3F
  8
MULTILAYER
 10
0.6825000000000001
 20
0.0
 30
0.0
 42
1.0
  0
VERTEX
  5
D40
  8
MULTILAYER
 10
0.7175000000000001
 20
0.0
 30
0.0
 42
1.0
  0
SEQEND
  5
D41
  8
0
  0
ENDBLK
  5
D42
  8
0
  0
BLOCK
  8
0
  2
HDR1X8_8
 70
     0
 10
0.0
 20
0.0
 30
0.0
  3
HDR1X8_8
  1

  0
POLYLINE
  5
D45
  8
TOPOVERLAY
 66
     1
 10
0.0
 20
0.0
 30
0.0
 40
0.007874
 41
0.007874
 75
     8
  0
VERTEX
  5
D46
  8
TOPOVERLAY
 10
0.75
 20
-0.05
 30
0.0
  0
VERTEX
  5
D47
  8
TOPOVERLAY
 10
0.75
 20
0.05
 30
0.0
  0
SEQEND
  5
D48
  8
0
  0
POLYLINE
  5
D49
  8
TOPOVERLAY
 66
     1
 10
0.0
 20
0.0
 30
0.0
 70
     1
 40
0.003937
 41
0.003937
 75
     8
  0
VERTEX
  5
D4A
  8
TOPOVERLAY
 10
0.7480315
 20
-0.05
 30
0.0
 42
1.0
  0
VERTEX
  5
D4B
  8
TOPOVERLAY
 10
0.7519685000000002
 20
-0.05
 30
0.0
 42
1.0
  0
SEQEND
  5
D4C
  8
0
  0
POLYLINE
  5
D4D
  8
TOPOVERLAY
 66
     1
 10
0.0
 20
0.0
 30
0.0
 70
     1
 40
0.003937
 41
0.003937
 75
     8
  0
VERTEX
  5
D4E
  8
TOPOVERLAY
 10
0.7480315
 20
0.05
 30
0.0
 42
1.0
  0
VERTEX
  5
D4F
  8
TOPOVERLAY
 10
0.7519685000000002
 20
0.05
 30
0.0
 42
1.0
  0
SEQEND
  5
D50
  8
0
  0
POLYLINE
  5
D51
  8
TOPOVERLAY
 66
     1
 10
0.0
 20
0.0
 30
0.0
 40
0.007874
 41
0.007874
 75
     8
  0
VERTEX
  5
D52
  8
TOPOVERLAY
 10
-0.05
 20
-0.05
 30
0.0
  0
VERTEX
  5
D53
  8
TOPOVERLAY
 10
0.75
 20
-0.05
 30
0.0
  0
SEQEND
  5
D54
  8
0
  0
POLYLINE
  5
D55
  8
TOPOVERLAY
 66
     1
 10
0.0
 20
0.0
 30
0.0
 70
     1
 40
0.003937
 41
0.003937
 75
     8
  0
VERTEX
  5
D56
  8
TOPOVERLAY
 10
-0.0519685
 20
-0.05
 30
0.0
 42
1.0
  0
VERTEX
  5
D57
  8
TOPOVERLAY
 10
-0.0480315
 20
-0.05
 30
0.0
 42
1.0
  0
SEQEND
  5
D58
  8
0
  0
POLYLINE
  5
D59
  8
TOPOVERLAY
 66
     1
 10
0.0
 20
0.0
 30
0.0
 70
     1
 40
0.003937
 41
0.003937
 75
     8
  0
VERTEX
  5
D5A
  8
TOPOVERLAY
 10
0.7480315
 20
-0.05
 30
0.0
 42
1.0
  0
VERTEX
  5
D5B
  8
TOPOVERLAY
 10
0.7519685000000002
 20
-0.05
 30
0.0
 42
1.0
  0
SEQEND
  5
D5C
  8
0
  0
POLYLINE
  5
D5D
  8
TOPOVERLAY
 66
     1
 10
0.0
 20
0.0
 30
0.0
 40
0.007874
 41
0.007874
 75
     8
  0
VERTEX
  5
D5E
  8
TOPOVERLAY
 10
-0.05
 20
-0.05
 30
0.0
  0
VERTEX
  5
D5F
  8
TOPOVERLAY
 10
-0.05
 20
0.05
 30
0.0
  0
SEQEND
  5
D60
  8
0
  0
POLYLINE
  5
D61
  8
TOPOVERLAY
 66
     1
 10
0.0
 20
0.0
 30
0.0
 70
     1
 40
0.003937
 41
0.003937
 75
     8
  0
VERTEX
  5
D62
  8
TOPOVERLAY
 10
-0.0519685
 20
-0.05
 30
0.0
 42
1.0
  0
VERTEX
  5
D63
  8
TOPOVERLAY
 10
-0.0480315
 20
-0.05
 30
0.0
 42
1.0
  0
SEQEND
  5
D64
  8
0
  0
POLYLINE
  5
D65
  8
TOPOVERLAY
 66
     1
 10
0.0
 20
0.0
 30
0.0
 70
     1
 40
0.003937
 41
0.003937
 75
     8
  0
VERTEX
  5
D66
  8
TOPOVERLAY
 10
-0.0519685
 20
0.05
 30
0.0
 42
1.0
  0
VERTEX
  5
D67
  8
TOPOVERLAY
 10
-0.0480315
 20
0.05
 30
0.0
 42
1.0
  0
SEQEND
  5
D68
  8
0
  0
POLYLINE
  5
D69
  8
TOPOVERLAY
 66
     1
 10
0.0
 20
0.0
 30
0.0
 40
0.007874
 41
0.007874
 75
     8
  0
VERTEX
  5
D6A
  8
TOPOVERLAY
 10
-0.05
 20
0.05
 30
0.0
  0
VERTEX
  5
D6B
  8
TOPOVERLAY
 10
0.75
 20
0.05
 30
0.0
  0
SEQEND
  5
D6C
  8
0
  0
POLYLINE
  5
D6D
  8
TOPOVERLAY
 66
     1
 10
0.0
 20
0.0
 30
0.0
 70
     1
 40
0.003937
 41
0.003937
 75
     8
  0
VERTEX
  5
D6E
  8
TOPOVERLAY
 10
-0.0519685
 20
0.05
 30
0.0
 42
1.0
  0
VERTEX
  5
D6F
  8
TOPOVERLAY
 10
-0.0480315
 20
0.05
 30
0.0
 42
1.0
  0
SEQEND
  5
D70
  8
0
  0
POLYLINE
  5
D71
  8
TOPOVERLAY
 66
     1
 10
0.0
 20
0.0
 30
0.0
 70
     1
 40
0.003937
 41
0.003937
 75
     8
  0
VERTEX
  5
D72
  8
TOPOVERLAY
 10
0.7480315
 20
0.05
 30
0.0
 42
1.0
  0
VERTEX
  5
D73
  8
TOPOVERLAY
 10
0.7519685000000002
 20
0.05
 30
0.0
 42
1.0
  0
SEQEND
  5
D74
  8
0
  0
SOLID
  5
D75
  8
TOPLAYER
 10
-0.035
 20
-0.035
 30
0.0
 11
0.035
 21
-0.035
 31
0.0
 12
-0.035
 22
0.035
 32
0.0
 13
0.035
 23
0.035
 33
0.0
  0
SOLID
  5
D76
  8
BOTTOMLAYER
 10
-0.035
 20
-0.035
 30
0.0
 11
0.035
 21
-0.035
 31
0.0
 12
-0.035
 22
0.035
 32
0.0
 13
0.035
 23
0.035
 33
0.0
  0
SOLID
  5
D77
  8
TOPSOLDER
 10
-0.039
 20
-0.039
 30
0.0
 11
0.039
 21
-0.039
 31
0.0
 12
-0.039
 22
0.039
 32
0.0
 13
0.039
 23
0.039
 33
0.0
  0
SOLID
  5
D78
  8
BOTTOMSOLDER
 10
-0.039
 20
-0.039
 30
0.0
 11
0.039
 21
-0.039
 31
0.0
 12
-0.039
 22
0.039
 32
0.0
 13
0.039
 23
0.039
 33
0.0
  0
SOLID
  5
D79
  8
MULTILAYER
 10
-0.035
 20
-0.035
 30
0.0
 11
0.035
 21
-0.035
 31
0.0
 12
-0.035
 22
0.035
 32
0.0
 13
0.035
 23
0.035
 33
0.0
  0
POLYLINE
  5
D7A
  8
TOPLAYER
 66
     1
 10
0.0
 20
0.0
 30
0.0
 70
     1
 40
0.035
 41
0.035
 75
     8
  0
VERTEX
  5
D7B
  8
TOPLAYER
 10
0.0825
 20
0.0
 30
0.0
 42
1.0
  0
VERTEX
  5
D7C
  8
TOPLAYER
 10
0.1175
 20
0.0
 30
0.0
 42
1.0
  0
SEQEND
  5
D7D
  8
0
  0
POLYLINE
  5
D7E
  8
BOTTOMLAYER
 66
     1
 10
0.0
 20
0.0
 30
0.0
 70
     1
 40
0.035
 41
0.035
 75
     8
  0
VERTEX
  5
D7F
  8
BOTTOMLAYER
 10
0.0825
 20
0.0
 30
0.0
 42
1.0
  0
VERTEX
  5
D80
  8
BOTTOMLAYER
 10
0.1175
 20
0.0
 30
0.0
 42
1.0
  0
SEQEND
  5
D81
  8
0
  0
POLYLINE
  5
D82
  8
TOPSOLDER
 66
     1
 10
0.0
 20
0.0
 30
0.0
 70
     1
 40
0.039
 41
0.039
 75
     8
  0
VERTEX
  5
D83
  8
TOPSOLDER
 10
0.0805
 20
0.0
 30
0.0
 42
1.0
  0
VERTEX
  5
D84
  8
TOPSOLDER
 10
0.1195
 20
0.0
 30
0.0
 42
1.0
  0
SEQEND
  5
D85
  8
0
  0
POLYLINE
  5
D86
  8
BOTTOMSOLDER
 66
     1
 10
0.0
 20
0.0
 30
0.0
 70
     1
 40
0.039
 41
0.039
 75
     8
  0
VERTEX
  5
D87
  8
BOTTOMSOLDER
 10
0.0805
 20
0.0
 30
0.0
 42
1.0
  0
VERTEX
  5
D88
  8
BOTTOMSOLDER
 10
0.1195
 20
0.0
 30
0.0
 42
1.0
  0
SEQEND
  5
D89
  8
0
  0
POLYLINE
  5
D8A
  8
MULTILAYER
 66
     1
 10
0.0
 20
0.0
 30
0.0
 70
     1
 40
0.035
 41
0.035
 75
     8
  0
VERTEX
  5
D8B
  8
MULTILAYER
 10
0.0825
 20
0.0
 30
0.0
 42
1.0
  0
VERTEX
  5
D8C
  8
MULTILAYER
 10
0.1175
 20
0.0
 30
0.0
 42
1.0
  0
SEQEND
  5
D8D
  8
0
  0
POLYLINE
  5
D8E
  8
TOPLAYER
 66
     1
 10
0.0
 20
0.0
 30
0.0
 70
     1
 40
0.035
 41
0.035
 75
     8
  0
VERTEX
  5
D8F
  8
TOPLAYER
 10
0.1825
 20
0.0
 30
0.0
 42
1.0
  0
VERTEX
  5
D90
  8
TOPLAYER
 10
0.2175
 20
0.0
 30
0.0
 42
1.0
  0
SEQEND
  5
D91
  8
0
  0
POLYLINE
  5
D92
  8
BOTTOMLAYER
 66
     1
 10
0.0
 20
0.0
 30
0.0
 70
     1
 40
0.035
 41
0.035
 75
     8
  0
VERTEX
  5
D93
  8
BOTTOMLAYER
 10
0.1825
 20
0.0
 30
0.0
 42
1.0
  0
VERTEX
  5
D94
  8
BOTTOMLAYER
 10
0.2175
 20
0.0
 30
0.0
 42
1.0
  0
SEQEND
  5
D95
  8
0
  0
POLYLINE
  5
D96
  8
TOPSOLDER
 66
     1
 10
0.0
 20
0.0
 30
0.0
 70
     1
 40
0.039
 41
0.039
 75
     8
  0
VERTEX
  5
D97
  8
TOPSOLDER
 10
0.1805
 20
0.0
 30
0.0
 42
1.0
  0
VERTEX
  5
D98
  8
TOPSOLDER
 10
0.2195
 20
0.0
 30
0.0
 42
1.0
  0
SEQEND
  5
D99
  8
0
  0
POLYLINE
  5
D9A
  8
BOTTOMSOLDER
 66
     1
 10
0.0
 20
0.0
 30
0.0
 70
     1
 40
0.039
 41
0.039
 75
     8
  0
VERTEX
  5
D9B
  8
BOTTOMSOLDER
 10
0.1805
 20
0.0
 30
0.0
 42
1.0
  0
VERTEX
  5
D9C
  8
BOTTOMSOLDER
 10
0.2195
 20
0.0
 30
0.0
 42
1.0
  0
SEQEND
  5
D9D
  8
0
  0
POLYLINE
  5
D9E
  8
MULTILAYER
 66
     1
 10
0.0
 20
0.0
 30
0.0
 70
     1
 40
0.035
 41
0.035
 75
     8
  0
VERTEX
  5
D9F
  8
MULTILAYER
 10
0.1825
 20
0.0
 30
0.0
 42
1.0
  0
VERTEX
  5
DA0
  8
MULTILAYER
 10
0.2175
 20
0.0
 30
0.0
 42
1.0
  0
SEQEND
  5
DA1
  8
0
  0
POLYLINE
  5
DA2
  8
TOPLAYER
 66
     1
 10
0.0
 20
0.0
 30
0.0
 70
     1
 40
0.035
 41
0.035
 75
     8
  0
VERTEX
  5
DA3
  8
TOPLAYER
 10
0.2825
 20
0.0
 30
0.0
 42
1.0
  0
VERTEX
  5
DA4
  8
TOPLAYER
 10
0.3175
 20
0.0
 30
0.0
 42
1.0
  0
SEQEND
  5
DA5
  8
0
  0
POLYLINE
  5
DA6
  8
BOTTOMLAYER
 66
     1
 10
0.0
 20
0.0
 30
0.0
 70
     1
 40
0.035
 41
0.035
 75
     8
  0
VERTEX
  5
DA7
  8
BOTTOMLAYER
 10
0.2825
 20
0.0
 30
0.0
 42
1.0
  0
VERTEX
  5
DA8
  8
BOTTOMLAYER
 10
0.3175
 20
0.0
 30
0.0
 42
1.0
  0
SEQEND
  5
DA9
  8
0
  0
POLYLINE
  5
DAA
  8
TOPSOLDER
 66
     1
 10
0.0
 20
0.0
 30
0.0
 70
     1
 40
0.039
 41
0.039
 75
     8
  0
VERTEX
  5
DAB
  8
TOPSOLDER
 10
0.2805
 20
0.0
 30
0.0
 42
1.0
  0
VERTEX
  5
DAC
  8
TOPSOLDER
 10
0.3195
 20
0.0
 30
0.0
 42
1.0
  0
SEQEND
  5
DAD
  8
0
  0
POLYLINE
  5
DAE
  8
BOTTOMSOLDER
 66
     1
 10
0.0
 20
0.0
 30
0.0
 70
     1
 40
0.039
 41
0.039
 75
     8
  0
VERTEX
  5
DAF
  8
BOTTOMSOLDER
 10
0.2805
 20
0.0
 30
0.0
 42
1.0
  0
VERTEX
  5
DB0
  8
BOTTOMSOLDER
 10
0.3195
 20
0.0
 30
0.0
 42
1.0
  0
SEQEND
  5
DB1
  8
0
  0
POLYLINE
  5
DB2
  8
MULTILAYER
 66
     1
 10
0.0
 20
0.0
 30
0.0
 70
     1
 40
0.035
 41
0.035
 75
     8
  0
VERTEX
  5
DB3
  8
MULTILAYER
 10
0.2825
 20
0.0
 30
0.0
 42
1.0
  0
VERTEX
  5
DB4
  8
MULTILAYER
 10
0.3175
 20
0.0
 30
0.0
 42
1.0
  0
SEQEND
  5
DB5
  8
0
  0
POLYLINE
  5
DB6
  8
TOPLAYER
 66
     1
 10
0.0
 20
0.0
 30
0.0
 70
     1
 40
0.035
 41
0.035
 75
     8
  0
VERTEX
  5
DB7
  8
TOPLAYER
 10
0.3825
 20
0.0
 30
0.0
 42
1.0
  0
VERTEX
  5
DB8
  8
TOPLAYER
 10
0.4175
 20
0.0
 30
0.0
 42
1.0
  0
SEQEND
  5
DB9
  8
0
  0
POLYLINE
  5
DBA
  8
BOTTOMLAYER
 66
     1
 10
0.0
 20
0.0
 30
0.0
 70
     1
 40
0.035
 41
0.035
 75
     8
  0
VERTEX
  5
DBB
  8
BOTTOMLAYER
 10
0.3825
 20
0.0
 30
0.0
 42
1.0
  0
VERTEX
  5
DBC
  8
BOTTOMLAYER
 10
0.4175
 20
0.0
 30
0.0
 42
1.0
  0
SEQEND
  5
DBD
  8
0
  0
POLYLINE
  5
DBE
  8
TOPSOLDER
 66
     1
 10
0.0
 20
0.0
 30
0.0
 70
     1
 40
0.039
 41
0.039
 75
     8
  0
VERTEX
  5
DBF
  8
TOPSOLDER
 10
0.3805
 20
0.0
 30
0.0
 42
1.0
  0
VERTEX
  5
DC0
  8
TOPSOLDER
 10
0.4195000000000001
 20
0.0
 30
0.0
 42
1.0
  0
SEQEND
  5
DC1
  8
0
  0
POLYLINE
  5
DC2
  8
BOTTOMSOLDER
 66
     1
 10
0.0
 20
0.0
 30
0.0
 70
     1
 40
0.039
 41
0.039
 75
     8
  0
VERTEX
  5
DC3
  8
BOTTOMSOLDER
 10
0.3805
 20
0.0
 30
0.0
 42
1.0
  0
VERTEX
  5
DC4
  8
BOTTOMSOLDER
 10
0.4195000000000001
 20
0.0
 30
0.0
 42
1.0
  0
SEQEND
  5
DC5
  8
0
  0
POLYLINE
  5
DC6
  8
MULTILAYER
 66
     1
 10
0.0
 20
0.0
 30
0.0
 70
     1
 40
0.035
 41
0.035
 75
     8
  0
VERTEX
  5
DC7
  8
MULTILAYER
 10
0.3825
 20
0.0
 30
0.0
 42
1.0
  0
VERTEX
  5
DC8
  8
MULTILAYER
 10
0.4175
 20
0.0
 30
0.0
 42
1.0
  0
SEQEND
  5
DC9
  8
0
  0
POLYLINE
  5
DCA
  8
TOPLAYER
 66
     1
 10
0.0
 20
0.0
 30
0.0
 70
     1
 40
0.035
 41
0.035
 75
     8
  0
VERTEX
  5
DCB
  8
TOPLAYER
 10
0.4825000000000001
 20
0.0
 30
0.0
 42
1.0
  0
VERTEX
  5
DCC
  8
TOPLAYER
 10
0.5175
 20
0.0
 30
0.0
 42
1.0
  0
SEQEND
  5
DCD
  8
0
  0
POLYLINE
  5
DCE
  8
BOTTOMLAYER
 66
     1
 10
0.0
 20
0.0
 30
0.0
 70
     1
 40
0.035
 41
0.035
 75
     8
  0
VERTEX
  5
DCF
  8
BOTTOMLAYER
 10
0.4825000000000001
 20
0.0
 30
0.0
 42
1.0
  0
VERTEX
  5
DD0
  8
BOTTOMLAYER
 10
0.5175
 20
0.0
 30
0.0
 42
1.0
  0
SEQEND
  5
DD1
  8
0
  0
POLYLINE
  5
DD2
  8
TOPSOLDER
 66
     1
 10
0.0
 20
0.0
 30
0.0
 70
     1
 40
0.039
 41
0.039
 75
     8
  0
VERTEX
  5
DD3
  8
TOPSOLDER
 10
0.4805
 20
0.0
 30
0.0
 42
1.0
  0
VERTEX
  5
DD4
  8
TOPSOLDER
 10
0.5195
 20
0.0
 30
0.0
 42
1.0
  0
SEQEND
  5
DD5
  8
0
  0
POLYLINE
  5
DD6
  8
BOTTOMSOLDER
 66
     1
 10
0.0
 20
0.0
 30
0.0
 70
     1
 40
0.039
 41
0.039
 75
     8
  0
VERTEX
  5
DD7
  8
BOTTOMSOLDER
 10
0.4805
 20
0.0
 30
0.0
 42
1.0
  0
VERTEX
  5
DD8
  8
BOTTOMSOLDER
 10
0.5195
 20
0.0
 30
0.0
 42
1.0
  0
SEQEND
  5
DD9
  8
0
  0
POLYLINE
  5
DDA
  8
MULTILAYER
 66
     1
 10
0.0
 20
0.0
 30
0.0
 70
     1
 40
0.035
 41
0.035
 75
     8
  0
VERTEX
  5
DDB
  8
MULTILAYER
 10
0.4825000000000001
 20
0.0
 30
0.0
 42
1.0
  0
VERTEX
  5
DDC
  8
MULTILAYER
 10
0.5175
 20
0.0
 30
0.0
 42
1.0
  0
SEQEND
  5
DDD
  8
0
  0
POLYLINE
  5
DDE
  8
TOPLAYER
 66
     1
 10
0.0
 20
0.0
 30
0.0
 70
     1
 40
0.035
 41
0.035
 75
     8
  0
VERTEX
  5
DDF
  8
TOPLAYER
 10
0.5825000000000001
 20
0.0
 30
0.0
 42
1.0
  0
VERTEX
  5
DE0
  8
TOPLAYER
 10
0.6175000000000001
 20
0.0
 30
0.0
 42
1.0
  0
SEQEND
  5
DE1
  8
0
  0
POLYLINE
  5
DE2
  8
BOTTOMLAYER
 66
     1
 10
0.0
 20
0.0
 30
0.0
 70
     1
 40
0.035
 41
0.035
 75
     8
  0
VERTEX
  5
DE3
  8
BOTTOMLAYER
 10
0.5825000000000001
 20
0.0
 30
0.0
 42
1.0
  0
VERTEX
  5
DE4
  8
BOTTOMLAYER
 10
0.6175000000000001
 20
0.0
 30
0.0
 42
1.0
  0
SEQEND
  5
DE5
  8
0
  0
POLYLINE
  5
DE6
  8
TOPSOLDER
 66
     1
 10
0.0
 20
0.0
 30
0.0
 70
     1
 40
0.039
 41
0.039
 75
     8
  0
VERTEX
  5
DE7
  8
TOPSOLDER
 10
0.5805
 20
0.0
 30
0.0
 42
1.0
  0
VERTEX
  5
DE8
  8
TOPSOLDER
 10
0.6195000000000001
 20
0.0
 30
0.0
 42
1.0
  0
SEQEND
  5
DE9
  8
0
  0
POLYLINE
  5
DEA
  8
BOTTOMSOLDER
 66
     1
 10
0.0
 20
0.0
 30
0.0
 70
     1
 40
0.039
 41
0.039
 75
     8
  0
VERTEX
  5
DEB
  8
BOTTOMSOLDER
 10
0.5805
 20
0.0
 30
0.0
 42
1.0
  0
VERTEX
  5
DEC
  8
BOTTOMSOLDER
 10
0.6195000000000001
 20
0.0
 30
0.0
 42
1.0
  0
SEQEND
  5
DED
  8
0
  0
POLYLINE
  5
DEE
  8
MULTILAYER
 66
     1
 10
0.0
 20
0.0
 30
0.0
 70
     1
 40
0.035
 41
0.035
 75
     8
  0
VERTEX
  5
DEF
  8
MULTILAYER
 10
0.5825000000000001
 20
0.0
 30
0.0
 42
1.0
  0
VERTEX
  5
DF0
  8
MULTILAYER
 10
0.6175000000000001
 20
0.0
 30
0.0
 42
1.0
  0
SEQEND
  5
DF1
  8
0
  0
POLYLINE
  5
DF2
  8
TOPLAYER
 66
     1
 10
0.0
 20
0.0
 30
0.0
 70
     1
 40
0.035
 41
0.035
 75
     8
  0
VERTEX
  5
DF3
  8
TOPLAYER
 10
0.6825000000000001
 20
0.0
 30
0.0
 42
1.0
  0
VERTEX
  5
DF4
  8
TOPLAYER
 10
0.7175000000000001
 20
0.0
 30
0.0
 42
1.0
  0
SEQEND
  5
DF5
  8
0
  0
POLYLINE
  5
DF6
  8
BOTTOMLAYER
 66
     1
 10
0.0
 20
0.0
 30
0.0
 70
     1
 40
0.035
 41
0.035
 75
     8
  0
VERTEX
  5
DF7
  8
BOTTOMLAYER
 10
0.6825000000000001
 20
0.0
 30
0.0
 42
1.0
  0
VERTEX
  5
DF8
  8
BOTTOMLAYER
 10
0.7175000000000001
 20
0.0
 30
0.0
 42
1.0
  0
SEQEND
  5
DF9
  8
0
  0
POLYLINE
  5
DFA
  8
TOPSOLDER
 66
     1
 10
0.0
 20
0.0
 30
0.0
 70
     1
 40
0.039
 41
0.039
 75
     8
  0
VERTEX
  5
DFB
  8
TOPSOLDER
 10
0.6805
 20
0.0
 30
0.0
 42
1.0
  0
VERTEX
  5
DFC
  8
TOPSOLDER
 10
0.7195000000000001
 20
0.0
 30
0.0
 42
1.0
  0
SEQEND
  5
DFD
  8
0
  0
POLYLINE
  5
DFE
  8
BOTTOMSOLDER
 66
     1
 10
0.0
 20
0.0
 30
0.0
 70
     1
 40
0.039
 41
0.039
 75
     8
  0
VERTEX
  5
DFF
  8
BOTTOMSOLDER
 10
0.6805
 20
0.0
 30
0.0
 42
1.0
  0
VERTEX
  5
E00
  8
BOTTOMSOLDER
 10
0.7195000000000001
 20
0.0
 30
0.0
 42
1.0
  0
SEQEND
  5
E01
  8
0
  0
POLYLINE
  5
E02
  8
MULTILAYER
 66
     1
 10
0.0
 20
0.0
 30
0.0
 70
     1
 40
0.035
 41
0.035
 75
     8
  0
VERTEX
  5
E03
  8
MULTILAYER
 10
0.6825000000000001
 20
0.0
 30
0.0
 42
1.0
  0
VERTEX
  5
E04
  8
MULTILAYER
 10
0.7175000000000001
 20
0.0
 30
0.0
 42
1.0
  0
SEQEND
  5
E05
  8
0
  0
ENDBLK
  5
E06
  8
0
  0
BLOCK
  8
0
  2
SCHRITTMOTOR
 70
     0
 10
0.0
 20
0.0
 30
0.0
  3
SCHRITTMOTOR
  1

  0
POLYLINE
  5
E14
  8
MECHANICAL1
 66
     1
 10
0.0
 20
0.0
 30
0.0
 40
0.01
 41
0.01
 75
     8
  0
VERTEX
  5
E15
  8
MECHANICAL1
 10
2.3149999999999991
 20
4.54
 30
0.0
  0
VERTEX
  5
E16
  8
MECHANICAL1
 10
4.3949999999999987
 20
4.54
 30
0.0
  0
SEQEND
  5
E17
  8
0
  0
POLYLINE
  5
E18
  8
MECHANICAL1
 66
     1
 10
0.0
 20
0.0
 30
0.0
 70
     1
 40
0.005
 41
0.005
 75
     8
  0
VERTEX
  5
E19
  8
MECHANICAL1
 10
2.3125
 20
4.54
 30
0.0
 42
1.0
  0
VERTEX
  5
E1A
  8
MECHANICAL1
 10
2.317499999999999
 20
4.54
 30
0.0
 42
1.0
  0
SEQEND
  5
E1B
  8
0
  0
POLYLINE
  5
E1C
  8
MECHANICAL1
 66
     1
 10
0.0
 20
0.0
 30
0.0
 70
     1
 40
0.005
 41
0.005
 75
     8
  0
VERTEX
  5
E1D
  8
MECHANICAL1
 10
4.3925000000000001
 20
4.54
 30
0.0
 42
1.0
  0
VERTEX
  5
E1E
  8
MECHANICAL1
 10
4.3974999999999991
 20
4.54
 30
0.0
 42
1.0
  0
SEQEND
  5
E1F
  8
0
  0
POLYLINE
  5
E20
  8
MECHANICAL1
 66
     1
 10
0.0
 20
0.0
 30
0.0
 40
0.01
 41
0.01
 75
     8
  0
VERTEX
  5
E21
  8
MECHANICAL1
 10
4.3949999999999987
 20
4.54
 30
0.0
  0
VERTEX
  5
E22
  8
MECHANICAL1
 10
4.7000000000000002
 20
4.2350000000000003
 30
0.0
  0
SEQEND
  5
E23
  8
0
  0
POLYLINE
  5
E24
  8
MECHANICAL1
 66
     1
 10
0.0
 20
0.0
 30
0.0
 70
     1
 40
0.005
 41
0.005
 75
     8
  0
VERTEX
  5
E25
  8
MECHANICAL1
 10
4.3925000000000001
 20
4.54
 30
0.0
 42
1.0
  0
VERTEX
  5
E26
  8
MECHANICAL1
 10
4.3974999999999991
 20
4.54
 30
0.0
 42
1.0
  0
SEQEND
  5
E27
  8
0
  0
POLYLINE
  5
E28
  8
MECHANICAL1
 66
     1
 10
0.0
 20
0.0
 30
0.0
 70
     1
 40
0.005
 41
0.005
 75
     8
  0
VERTEX
  5
E29
  8
MECHANICAL1
 10
4.6974999999999989
 20
4.2350000000000003
 30
0.0
 42
1.0
  0
VERTEX
  5
E2A
  8
MECHANICAL1
 10
4.7024999999999988
 20
4.2350000000000003
 30
0.0
 42
1.0
  0
SEQEND
  5
E2B
  8
0
  0
POLYLINE
  5
E2C
  8
MECHANICAL1
 66
     1
 10
0.0
 20
0.0
 30
0.0
 40
0.01
 41
0.01
 75
     8
  0
VERTEX
  5
E2D
  8
MECHANICAL1
 10
4.7000000000000002
 20
3.319999999999999
 30
0.0
  0
VERTEX
  5
E2E
  8
MECHANICAL1
 10
4.7000000000000002
 20
4.2350000000000003
 30
0.0
  0
SEQEND
  5
E2F
  8
0
  0
POLYLINE
  5
E30
  8
MECHANICAL1
 66
     1
 10
0.0
 20
0.0
 30
0.0
 70
     1
 40
0.005
 41
0.005
 75
     8
  0
VERTEX
  5
E31
  8
MECHANICAL1
 10
4.6974999999999989
 20
3.319999999999999
 30
0.0
 42
1.0
  0
VERTEX
  5
E32
  8
MECHANICAL1
 10
4.7024999999999988
 20
3.319999999999999
 30
0.0
 42
1.0
  0
SEQEND
  5
E33
  8
0
  0
POLYLINE
  5
E34
  8
MECHANICAL1
 66
     1
 10
0.0
 20
0.0
 30
0.0
 70
     1
 40
0.005
 41
0.005
 75
     8
  0
VERTEX
  5
E35
  8
MECHANICAL1
 10
4.6974999999999989
 20
4.2350000000000003
 30
0.0
 42
1.0
  0
VERTEX
  5
E36
  8
MECHANICAL1
 10
4.7024999999999988
 20
4.2350000000000003
 30
0.0
 42
1.0
  0
SEQEND
  5
E37
  8
0
  0
POLYLINE
  5
E38
  8
MECHANICAL1
 66
     1
 10
0.0
 20
0.0
 30
0.0
 40
0.01
 41
0.01
 75
     8
  0
VERTEX
  5
E39
  8
MECHANICAL1
 10
2.0
 20
4.2249999999999988
 30
0.0
  0
VERTEX
  5
E3A
  8
MECHANICAL1
 10
2.3149999999999991
 20
4.54
 30
0.0
  0
SEQEND
  5
E3B
  8
0
  0
POLYLINE
  5
E3C
  8
MECHANICAL1
 66
     1
 10
0.0
 20
0.0
 30
0.0
 70
     1
 40
0.005
 41
0.005
 75
     8
  0
VERTEX
  5
E3D
  8
MECHANICAL1
 10
1.9975000000000001
 20
4.2249999999999988
 30
0.0
 42
1.0
  0
VERTEX
  5
E3E
  8
MECHANICAL1
 10
2.0024999999999991
 20
4.2249999999999988
 30
0.0
 42
1.0
  0
SEQEND
  5
E3F
  8
0
  0
POLYLINE
  5
E40
  8
MECHANICAL1
 66
     1
 10
0.0
 20
0.0
 30
0.0
 70
     1
 40
0.005
 41
0.005
 75
     8
  0
VERTEX
  5
E41
  8
MECHANICAL1
 10
2.3125
 20
4.54
 30
0.0
 42
1.0
  0
VERTEX
  5
E42
  8
MECHANICAL1
 10
2.317499999999999
 20
4.54
 30
0.0
 42
1.0
  0
SEQEND
  5
E43
  8
0
  0
POLYLINE
  5
E44
  8
MECHANICAL1
 66
     1
 10
0.0
 20
0.0
 30
0.0
 40
0.01
 41
0.01
 75
     8
  0
VERTEX
  5
E45
  8
MECHANICAL1
 10
2.0
 20
3.319999999999999
 30
0.0
  0
VERTEX
  5
E46
  8
MECHANICAL1
 10
2.0
 20
4.2249999999999988
 30
0.0
  0
SEQEND
  5
E47
  8
0
  0
POLYLINE
  5
E48
  8
MECHANICAL1
 66
     1
 10
0.0
 20
0.0
 30
0.0
 70
     1
 40
0.005
 41
0.005
 75
     8
  0
VERTEX
  5
E49
  8
MECHANICAL1
 10
1.9975000000000001
 20
3.319999999999999
 30
0.0
 42
1.0
  0
VERTEX
  5
E4A
  8
MECHANICAL1
 10
2.0024999999999991
 20
3.319999999999999
 30
0.0
 42
1.0
  0
SEQEND
  5
E4B
  8
0
  0
POLYLINE
  5
E4C
  8
MECHANICAL1
 66
     1
 10
0.0
 20
0.0
 30
0.0
 70
     1
 40
0.005
 41
0.005
 75
     8
  0
VERTEX
  5
E4D
  8
MECHANICAL1
 10
1.9975000000000001
 20
4.2249999999999988
 30
0.0
 42
1.0
  0
VERTEX
  5
E4E
  8
MECHANICAL1
 10
2.0024999999999991
 20
4.2249999999999988
 30
0.0
 42
1.0
  0
SEQEND
  5
E4F
  8
0
  0
POLYLINE
  5
E50
  8
MECHANICAL1
 66
     1
 10
0.0
 20
0.0
 30
0.0
 40
0.01
 41
0.01
 75
     8
  0
VERTEX
  5
E51
  8
MECHANICAL1
 10
2.0
 20
3.319999999999999
 30
0.0
  0
VERTEX
  5
E52
  8
MECHANICAL1
 10
4.7000000000000002
 20
3.319999999999999
 30
0.0
  0
SEQEND
  5
E53
  8
0
  0
POLYLINE
  5
E54
  8
MECHANICAL1
 66
     1
 10
0.0
 20
0.0
 30
0.0
 70
     1
 40
0.005
 41
0.005
 75
     8
  0
VERTEX
  5
E55
  8
MECHANICAL1
 10
1.9975000000000001
 20
3.319999999999999
 30
0.0
 42
1.0
  0
VERTEX
  5
E56
  8
MECHANICAL1
 10
2.0024999999999991
 20
3.319999999999999
 30
0.0
 42
1.0
  0
SEQEND
  5
E57
  8
0
  0
POLYLINE
  5
E58
  8
MECHANICAL1
 66
     1
 10
0.0
 20
0.0
 30
0.0
 70
     1
 40
0.005
 41
0.005
 75
     8
  0
VERTEX
  5
E59
  8
MECHANICAL1
 10
4.6974999999999989
 20
3.319999999999999
 30
0.0
 42
1.0
  0
VERTEX
  5
E5A
  8
MECHANICAL1
 10
4.7024999999999988
 20
3.319999999999999
 30
0.0
 42
1.0
  0
SEQEND
  5
E5B
  8
0
  0
POLYLINE
  5
E5C
  8
TOPLAYER
 66
     1
 10
0.0
 20
0.0
 30
0.0
 40
0.01
 41
0.01
 75
     8
  0
VERTEX
  5
E5D
  8
TOPLAYER
 10
3.7000000000000002
 20
4.2699999999999987
 30
0.0
  0
VERTEX
  5
E5E
  8
TOPLAYER
 10
3.722999999999999
 20
4.2699999999999987
 30
0.0
  0
SEQEND
  5
E5F
  8
0
  0
POLYLINE
  5
E60
  8
TOPLAYER
 66
     1
 10
0.0
 20
0.0
 30
0.0
 70
     1
 40
0.005
 41
0.005
 75
     8
  0
VERTEX
  5
E61
  8
TOPLAYER
 10
3.6974999999999989
 20
4.2699999999999987
 30
0.0
 42
1.0
  0
VERTEX
  5
E62
  8
TOPLAYER
 10
3.7025000000000001
 20
4.2699999999999987
 30
0.0
 42
1.0
  0
SEQEND
  5
E63
  8
0
  0
POLYLINE
  5
E64
  8
TOPLAYER
 66
     1
 10
0.0
 20
0.0
 30
0.0
 70
     1
 40
0.005
 41
0.005
 75
     8
  0
VERTEX
  5
E65
  8
TOPLAYER
 10
3.720499999999999
 20
4.2699999999999987
 30
0.0
 42
1.0
  0
VERTEX
  5
E66
  8
TOPLAYER
 10
3.7254999999999989
 20
4.2699999999999987
 30
0.0
 42
1.0
  0
SEQEND
  5
E67
  8
0
  0
POLYLINE
  5
E68
  8
TOPLAYER
 66
     1
 10
0.0
 20
0.0
 30
0.0
 40
0.01
 41
0.01
 75
     8
  0
VERTEX
  5
E69
  8
TOPLAYER
 10
3.681
 20
4.1239999999999988
 30
0.0
  0
VERTEX
  5
E6A
  8
TOPLAYER
 10
3.7250000000000001
 20
4.1239999999999988
 30
0.0
  0
SEQEND
  5
E6B
  8
0
  0
POLYLINE
  5
E6C
  8
TOPLAYER
 66
     1
 10
0.0
 20
0.0
 30
0.0
 70
     1
 40
0.005
 41
0.005
 75
     8
  0
VERTEX
  5
E6D
  8
TOPLAYER
 10
3.6785000000000001
 20
4.1239999999999988
 30
0.0
 42
1.0
  0
VERTEX
  5
E6E
  8
TOPLAYER
 10
3.6834999999999991
 20
4.1239999999999988
 30
0.0
 42
1.0
  0
SEQEND
  5
E6F
  8
0
  0
POLYLINE
  5
E70
  8
TOPLAYER
 66
     1
 10
0.0
 20
0.0
 30
0.0
 70
     1
 40
0.005
 41
0.005
 75
     8
  0
VERTEX
  5
E71
  8
TOPLAYER
 10
3.7225000000000001
 20
4.1239999999999988
 30
0.0
 42
1.0
  0
VERTEX
  5
E72
  8
TOPLAYER
 10
3.7275
 20
4.1239999999999988
 30
0.0
 42
1.0
  0
SEQEND
  5
E73
  8
0
  0
POLYLINE
  5
E74
  8
TOPLAYER
 66
     1
 10
0.0
 20
0.0
 30
0.0
 40
0.01
 41
0.01
 75
     8
  0
VERTEX
  5
E75
  8
TOPLAYER
 10
2.9750000000000001
 20
4.1280000000000001
 30
0.0
  0
VERTEX
  5
E76
  8
TOPLAYER
 10
3.0640000000000001
 20
4.1280000000000001
 30
0.0
  0
SEQEND
  5
E77
  8
0
  0
POLYLINE
  5
E78
  8
TOPLAYER
 66
     1
 10
0.0
 20
0.0
 30
0.0
 70
     1
 40
0.005
 41
0.005
 75
     8
  0
VERTEX
  5
E79
  8
TOPLAYER
 10
2.9725000000000001
 20
4.1280000000000001
 30
0.0
 42
1.0
  0
VERTEX
  5
E7A
  8
TOPLAYER
 10
2.9775
 20
4.1280000000000001
 30
0.0
 42
1.0
  0
SEQEND
  5
E7B
  8
0
  0
POLYLINE
  5
E7C
  8
TOPLAYER
 66
     1
 10
0.0
 20
0.0
 30
0.0
 70
     1
 40
0.005
 41
0.005
 75
     8
  0
VERTEX
  5
E7D
  8
TOPLAYER
 10
3.0615000000000001
 20
4.1280000000000001
 30
0.0
 42
1.0
  0
VERTEX
  5
E7E
  8
TOPLAYER
 10
3.0665
 20
4.1280000000000001
 30
0.0
 42
1.0
  0
SEQEND
  5
E7F
  8
0
  0
POLYLINE
  5
E80
  8
TOPLAYER
 66
     1
 10
0.0
 20
0.0
 30
0.0
 40
0.01
 41
0.01
 75
     8
  0
VERTEX
  5
E81
  8
TOPLAYER
 10
3.319999999999999
 20
3.9500000000000002
 30
0.0
  0
VERTEX
  5
E82
  8
TOPLAYER
 10
3.319999999999999
 20
3.98
 30
0.0
  0
SEQEND
  5
E83
  8
0
  0
POLYLINE
  5
E84
  8
TOPLAYER
 66
     1
 10
0.0
 20
0.0
 30
0.0
 70
     1
 40
0.005
 41
0.005
 75
     8
  0
VERTEX
  5
E85
  8
TOPLAYER
 10
3.317499999999999
 20
3.9500000000000002
 30
0.0
 42
1.0
  0
VERTEX
  5
E86
  8
TOPLAYER
 10
3.3224999999999989
 20
3.9500000000000002
 30
0.0
 42
1.0
  0
SEQEND
  5
E87
  8
0
  0
POLYLINE
  5
E88
  8
TOPLAYER
 66
     1
 10
0.0
 20
0.0
 30
0.0
 70
     1
 40
0.005
 41
0.005
 75
     8
  0
VERTEX
  5
E89
  8
TOPLAYER
 10
3.317499999999999
 20
3.98
 30
0.0
 42
1.0
  0
VERTEX
  5
E8A
  8
TOPLAYER
 10
3.3224999999999989
 20
3.98
 30
0.0
 42
1.0
  0
SEQEND
  5
E8B
  8
0
  0
POLYLINE
  5
E8C
  8
TOPLAYER
 66
     1
 10
0.0
 20
0.0
 30
0.0
 40
0.01
 41
0.01
 75
     8
  0
VERTEX
  5
E8D
  8
TOPLAYER
 10
3.9750000000000001
 20
3.999881999999999
 30
0.0
  0
VERTEX
  5
E8E
  8
TOPLAYER
 10
3.9750000000000001
 20
4.2800000000000002
 30
0.0
  0
SEQEND
  5
E8F
  8
0
  0
POLYLINE
  5
E90
  8
TOPLAYER
 66
     1
 10
0.0
 20
0.0
 30
0.0
 70
     1
 40
0.005
 41
0.005
 75
     8
  0
VERTEX
  5
E91
  8
TOPLAYER
 10
3.9725000000000001
 20
3.999881999999999
 30
0.0
 42
1.0
  0
VERTEX
  5
E92
  8
TOPLAYER
 10
3.9775
 20
3.999881999999999
 30
0.0
 42
1.0
  0
SEQEND
  5
E93
  8
0
  0
POLYLINE
  5
E94
  8
TOPLAYER
 66
     1
 10
0.0
 20
0.0
 30
0.0
 70
     1
 40
0.005
 41
0.005
 75
     8
  0
VERTEX
  5
E95
  8
TOPLAYER
 10
3.9725000000000001
 20
4.2800000000000002
 30
0.0
 42
1.0
  0
VERTEX
  5
E96
  8
TOPLAYER
 10
3.9775
 20
4.2800000000000002
 30
0.0
 42
1.0
  0
SEQEND
  5
E97
  8
0
  0
POLYLINE
  5
E98
  8
TOPLAYER
 66
     1
 10
0.0
 20
0.0
 30
0.0
 40
0.01
 41
0.01
 75
     8
  0
VERTEX
  5
E99
  8
TOPLAYER
 10
3.9750000000000001
 20
4.2800000000000002
 30
0.0
  0
VERTEX
  5
E9A
  8
TOPLAYER
 10
4.0
 20
4.3049999999999988
 30
0.0
  0
SEQEND
  5
E9B
  8
0
  0
POLYLINE
  5
E9C
  8
TOPLAYER
 66
     1
 10
0.0
 20
0.0
 30
0.0
 70
     1
 40
0.005
 41
0.005
 75
     8
  0
VERTEX
  5
E9D
  8
TOPLAYER
 10
3.9725000000000001
 20
4.2800000000000002
 30
0.0
 42
1.0
  0
VERTEX
  5
E9E
  8
TOPLAYER
 10
3.9775
 20
4.2800000000000002
 30
0.0
 42
1.0
  0
SEQEND
  5
E9F
  8
0
  0
POLYLINE
  5
EA0
  8
TOPLAYER
 66
     1
 10
0.0
 20
0.0
 30
0.0
 70
     1
 40
0.005
 41
0.005
 75
     8
  0
VERTEX
  5
EA1
  8
TOPLAYER
 10
3.9975000000000001
 20
4.3049999999999988
 30
0.0
 42
1.0
  0
VERTEX
  5
EA2
  8
TOPLAYER
 10
4.0025000000000004
 20
4.3049999999999988
 30
0.0
 42
1.0
  0
SEQEND
  5
EA3
  8
0
  0
POLYLINE
  5
EA4
  8
TOPLAYER
 66
     1
 10
0.0
 20
0.0
 30
0.0
 40
0.01
 41
0.01
 75
     8
  0
VERTEX
  5
EA5
  8
TOPLAYER
 10
3.9249999999999989
 20
3.999881999999999
 30
0.0
  0
VERTEX
  5
EA6
  8
TOPLAYER
 10
3.9249999999999989
 20
4.2800000000000002
 30
0.0
  0
SEQEND
  5
EA7
  8
0
  0
POLYLINE
  5
EA8
  8
TOPLAYER
 66
     1
 10
0.0
 20
0.0
 30
0.0
 70
     1
 40
0.005
 41
0.005
 75
     8
  0
VERTEX
  5
EA9
  8
TOPLAYER
 10
3.922499999999999
 20
3.999881999999999
 30
0.0
 42
1.0
  0
VERTEX
  5
EAA
  8
TOPLAYER
 10
3.9275000000000002
 20
3.999881999999999
 30
0.0
 42
1.0
  0
SEQEND
  5
EAB
  8
0
  0
POLYLINE
  5
EAC
  8
TOPLAYER
 66
     1
 10
0.0
 20
0.0
 30
0.0
 70
     1
 40
0.005
 41
0.005
 75
     8
  0
VERTEX
  5
EAD
  8
TOPLAYER
 10
3.922499999999999
 20
4.2800000000000002
 30
0.0
 42
1.0
  0
VERTEX
  5
EAE
  8
TOPLAYER
 10
3.9275000000000002
 20
4.2800000000000002
 30
0.0
 42
1.0
  0
SEQEND
  5
EAF
  8
0
  0
POLYLINE
  5
EB0
  8
TOPLAYER
 66
     1
 10
0.0
 20
0.0
 30
0.0
 40
0.01
 41
0.01
 75
     8
  0
VERTEX
  5
EB1
  8
TOPLAYER
 10
3.8999999999999999
 20
4.3049999999999988
 30
0.0
  0
VERTEX
  5
EB2
  8
TOPLAYER
 10
3.9249999999999989
 20
4.2800000000000002
 30
0.0
  0
SEQEND
  5
EB3
  8
0
  0
POLYLINE
  5
EB4
  8
TOPLAYER
 66
     1
 10
0.0
 20
0.0
 30
0.0
 70
     1
 40
0.005
 41
0.005
 75
     8
  0
VERTEX
  5
EB5
  8
TOPLAYER
 10
3.8974999999999991
 20
4.3049999999999988
 30
0.0
 42
1.0
  0
VERTEX
  5
EB6
  8
TOPLAYER
 10
3.902499999999999
 20
4.3049999999999988
 30
0.0
 42
1.0
  0
SEQEND
  5
EB7
  8
0
  0
POLYLINE
  5
EB8
  8
TOPLAYER
 66
     1
 10
0.0
 20
0.0
 30
0.0
 70
     1
 40
0.005
 41
0.005
 75
     8
  0
VERTEX
  5
EB9
  8
TOPLAYER
 10
3.922499999999999
 20
4.2800000000000002
 30
0.0
 42
1.0
  0
VERTEX
  5
EBA
  8
TOPLAYER
 10
3.9275000000000002
 20
4.2800000000000002
 30
0.0
 42
1.0
  0
SEQEND
  5
EBB
  8
0
  0
POLYLINE
  5
EBC
  8
TOPLAYER
 66
     1
 10
0.0
 20
0.0
 30
0.0
 40
0.01
 41
0.01
 75
     8
  0
VERTEX
  5
EBD
  8
TOPLAYER
 10
3.875
 20
3.999881999999999
 30
0.0
  0
VERTEX
  5
EBE
  8
TOPLAYER
 10
3.875
 20
4.2300000000000004
 30
0.0
  0
SEQEND
  5
EBF
  8
0
  0
POLYLINE
  5
EC0
  8
TOPLAYER
 66
     1
 10
0.0
 20
0.0
 30
0.0
 70
     1
 40
0.005
 41
0.005
 75
     8
  0
VERTEX
  5
EC1
  8
TOPLAYER
 10
3.8725000000000001
 20
3.999881999999999
 30
0.0
 42
1.0
  0
VERTEX
  5
EC2
  8
TOPLAYER
 10
3.8774999999999991
 20
3.999881999999999
 30
0.0
 42
1.0
  0
SEQEND
  5
EC3
  8
0
  0
POLYLINE
  5
EC4
  8
TOPLAYER
 66
     1
 10
0.0
 20
0.0
 30
0.0
 70
     1
 40
0.005
 41
0.005
 75
     8
  0
VERTEX
  5
EC5
  8
TOPLAYER
 10
3.8725000000000001
 20
4.2300000000000004
 30
0.0
 42
1.0
  0
VERTEX
  5
EC6
  8
TOPLAYER
 10
3.8774999999999991
 20
4.2300000000000004
 30
0.0
 42
1.0
  0
SEQEND
  5
EC7
  8
0
  0
POLYLINE
  5
EC8
  8
TOPLAYER
 66
     1
 10
0.0
 20
0.0
 30
0.0
 40
0.01
 41
0.01
 75
     8
  0
VERTEX
  5
EC9
  8
TOPLAYER
 10
3.7999999999999989
 20
4.3049999999999988
 30
0.0
  0
VERTEX
  5
ECA
  8
TOPLAYER
 10
3.875
 20
4.2300000000000004
 30
0.0
  0
SEQEND
  5
ECB
  8
0
  0
POLYLINE
  5
ECC
  8
TOPLAYER
 66
     1
 10
0.0
 20
0.0
 30
0.0
 70
     1
 40
0.005
 41
0.005
 75
     8
  0
VERTEX
  5
ECD
  8
TOPLAYER
 10
3.797499999999999
 20
4.3049999999999988
 30
0.0
 42
1.0
  0
VERTEX
  5
ECE
  8
TOPLAYER
 10
3.8025000000000002
 20
4.3049999999999988
 30
0.0
 42
1.0
  0
SEQEND
  5
ECF
  8
0
  0
POLYLINE
  5
ED0
  8
TOPLAYER
 66
     1
 10
0.0
 20
0.0
 30
0.0
 70
     1
 40
0.005
 41
0.005
 75
     8
  0
VERTEX
  5
ED1
  8
TOPLAYER
 10
3.8725000000000001
 20
4.2300000000000004
 30
0.0
 42
1.0
  0
VERTEX
  5
ED2
  8
TOPLAYER
 10
3.8774999999999991
 20
4.2300000000000004
 30
0.0
 42
1.0
  0
SEQEND
  5
ED3
  8
0
  0
POLYLINE
  5
ED4
  8
TOPLAYER
 66
     1
 10
0.0
 20
0.0
 30
0.0
 40
0.01
 41
0.01
 75
     8
  0
VERTEX
  5
ED5
  8
TOPLAYER
 10
2.4500000000000002
 20
4.1500000000000004
 30
0.0
  0
VERTEX
  5
ED6
  8
TOPLAYER
 10
2.569999999999999
 20
4.0300000000000002
 30
0.0
  0
SEQEND
  5
ED7
  8
0
  0
POLYLINE
  5
ED8
  8
TOPLAYER
 66
     1
 10
0.0
 20
0.0
 30
0.0
 70
     1
 40
0.005
 41
0.005
 75
     8
  0
VERTEX
  5
ED9
  8
TOPLAYER
 10
2.4474999999999989
 20
4.1500000000000004
 30
0.0
 42
1.0
  0
VERTEX
  5
EDA
  8
TOPLAYER
 10
2.4525000000000001
 20
4.1500000000000004
 30
0.0
 42
1.0
  0
SEQEND
  5
EDB
  8
0
  0
POLYLINE
  5
EDC
  8
TOPLAYER
 66
     1
 10
0.0
 20
0.0
 30
0.0
 70
     1
 40
0.005
 41
0.005
 75
     8
  0
VERTEX
  5
EDD
  8
TOPLAYER
 10
2.567499999999999
 20
4.0300000000000002
 30
0.0
 42
1.0
  0
VERTEX
  5
EDE
  8
TOPLAYER
 10
2.5724999999999989
 20
4.0300000000000002
 30
0.0
 42
1.0
  0
SEQEND
  5
EDF
  8
0
  0
POLYLINE
  5
EE0
  8
TOPLAYER
 66
     1
 10
0.0
 20
0.0
 30
0.0
 40
0.01
 41
0.01
 75
     8
  0
VERTEX
  5
EE1
  8
TOPLAYER
 10
2.569999999999999
 20
3.859999999999999
 30
0.0
  0
VERTEX
  5
EE2
  8
TOPLAYER
 10
2.569999999999999
 20
4.0300000000000002
 30
0.0
  0
SEQEND
  5
EE3
  8
0
  0
POLYLINE
  5
EE4
  8
TOPLAYER
 66
     1
 10
0.0
 20
0.0
 30
0.0
 70
     1
 40
0.005
 41
0.005
 75
     8
  0
VERTEX
  5
EE5
  8
TOPLAYER
 10
2.567499999999999
 20
3.859999999999999
 30
0.0
 42
1.0
  0
VERTEX
  5
EE6
  8
TOPLAYER
 10
2.5724999999999989
 20
3.859999999999999
 30
0.0
 42
1.0
  0
SEQEND
  5
EE7
  8
0
  0
POLYLINE
  5
EE8
  8
TOPLAYER
 66
     1
 10
0.0
 20
0.0
 30
0.0
 70
     1
 40
0.005
 41
0.005
 75
     8
  0
VERTEX
  5
EE9
  8
TOPLAYER
 10
2.567499999999999
 20
4.0300000000000002
 30
0.0
 42
1.0
  0
VERTEX
  5
EEA
  8
TOPLAYER
 10
2.5724999999999989
 20
4.0300000000000002
 30
0.0
 42
1.0
  0
SEQEND
  5
EEB
  8
0
  0
POLYLINE
  5
EEC
  8
TOPLAYER
 66
     1
 10
0.0
 20
0.0
 30
0.0
 40
0.01
 41
0.01
 75
     8
  0
VERTEX
  5
EED
  8
TOPLAYER
 10
2.569999999999999
 20
3.859999999999999
 30
0.0
  0
VERTEX
  5
EEE
  8
TOPLAYER
 10
2.589999999999999
 20
3.839999999999999
 30
0.0
  0
SEQEND
  5
EEF
  8
0
  0
POLYLINE
  5
EF0
  8
TOPLAYER
 66
     1
 10
0.0
 20
0.0
 30
0.0
 70
     1
 40
0.005
 41
0.005
 75
     8
  0
VERTEX
  5
EF1
  8
TOPLAYER
 10
2.567499999999999
 20
3.859999999999999
 30
0.0
 42
1.0
  0
VERTEX
  5
EF2
  8
TOPLAYER
 10
2.5724999999999989
 20
3.859999999999999
 30
0.0
 42
1.0
  0
SEQEND
  5
EF3
  8
0
  0
POLYLINE
  5
EF4
  8
TOPLAYER
 66
     1
 10
0.0
 20
0.0
 30
0.0
 70
     1
 40
0.005
 41
0.005
 75
     8
  0
VERTEX
  5
EF5
  8
TOPLAYER
 10
2.587499999999999
 20
3.839999999999999
 30
0.0
 42
1.0
  0
VERTEX
  5
EF6
  8
TOPLAYER
 10
2.5924999999999989
 20
3.839999999999999
 30
0.0
 42
1.0
  0
SEQEND
  5
EF7
  8
0
  0
POLYLINE
  5
EF8
  8
TOPLAYER
 66
     1
 10
0.0
 20
0.0
 30
0.0
 40
0.01
 41
0.01
 75
     8
  0
VERTEX
  5
EF9
  8
TOPLAYER
 10
2.589999999999999
 20
3.839999999999999
 30
0.0
  0
VERTEX
  5
EFA
  8
TOPLAYER
 10
2.8650000000000002
 20
3.839999999999999
 30
0.0
  0
SEQEND
  5
EFB
  8
0
  0
POLYLINE
  5
EFC
  8
TOPLAYER
 66
     1
 10
0.0
 20
0.0
 30
0.0
 70
     1
 40
0.005
 41
0.005
 75
     8
  0
VERTEX
  5
EFD
  8
TOPLAYER
 10
2.587499999999999
 20
3.839999999999999
 30
0.0
 42
1.0
  0
VERTEX
  5
EFE
  8
TOPLAYER
 10
2.5924999999999989
 20
3.839999999999999
 30
0.0
 42
1.0
  0
SEQEND
  5
EFF
  8
0
  0
POLYLINE
  5
F00
  8
TOPLAYER
 66
     1
 10
0.0
 20
0.0
 30
0.0
 70
     1
 40
0.005
 41
0.005
 75
     8
  0
VERTEX
  5
F01
  8
TOPLAYER
 10
2.8624999999999989
 20
3.839999999999999
 30
0.0
 42
1.0
  0
VERTEX
  5
F02
  8
TOPLAYER
 10
2.8675000000000002
 20
3.839999999999999
 30
0.0
 42
1.0
  0
SEQEND
  5
F03
  8
0
  0
POLYLINE
  5
F04
  8
TOPLAYER
 66
     1
 10
0.0
 20
0.0
 30
0.0
 40
0.01
 41
0.01
 75
     8
  0
VERTEX
  5
F05
  8
TOPLAYER
 10
2.8650000000000002
 20
3.839999999999999
 30
0.0
  0
VERTEX
  5
F06
  8
TOPLAYER
 10
2.875
 20
3.8500000000000001
 30
0.0
  0
SEQEND
  5
F07
  8
0
  0
POLYLINE
  5
F08
  8
TOPLAYER
 66
     1
 10
0.0
 20
0.0
 30
0.0
 70
     1
 40
0.005
 41
0.005
 75
     8
  0
VERTEX
  5
F09
  8
TOPLAYER
 10
2.8624999999999989
 20
3.839999999999999
 30
0.0
 42
1.0
  0
VERTEX
  5
F0A
  8
TOPLAYER
 10
2.8675000000000002
 20
3.839999999999999
 30
0.0
 42
1.0
  0
SEQEND
  5
F0B
  8
0
  0
POLYLINE
  5
F0C
  8
TOPLAYER
 66
     1
 10
0.0
 20
0.0
 30
0.0
 70
     1
 40
0.005
 41
0.005
 75
     8
  0
VERTEX
  5
F0D
  8
TOPLAYER
 10
2.8725000000000001
 20
3.8500000000000001
 30
0.0
 42
1.0
  0
VERTEX
  5
F0E
  8
TOPLAYER
 10
2.8774999999999991
 20
3.8500000000000001
 30
0.0
 42
1.0
  0
SEQEND
  5
F0F
  8
0
  0
POLYLINE
  5
F10
  8
TOPLAYER
 66
     1
 10
0.0
 20
0.0
 30
0.0
 40
0.01
 41
0.01
 75
     8
  0
VERTEX
  5
F11
  8
TOPLAYER
 10
2.875
 20
3.8500000000000001
 30
0.0
  0
VERTEX
  5
F12
  8
TOPLAYER
 10
2.875
 20
3.999881999999999
 30
0.0
  0
SEQEND
  5
F13
  8
0
  0
POLYLINE
  5
F14
  8
TOPLAYER
 66
     1
 10
0.0
 20
0.0
 30
0.0
 70
     1
 40
0.005
 41
0.005
 75
     8
  0
VERTEX
  5
F15
  8
TOPLAYER
 10
2.8725000000000001
 20
3.8500000000000001
 30
0.0
 42
1.0
  0
VERTEX
  5
F16
  8
TOPLAYER
 10
2.8774999999999991
 20
3.8500000000000001
 30
0.0
 42
1.0
  0
SEQEND
  5
F17
  8
0
  0
POLYLINE
  5
F18
  8
TOPLAYER
 66
     1
 10
0.0
 20
0.0
 30
0.0
 70
     1
 40
0.005
 41
0.005
 75
     8
  0
VERTEX
  5
F19
  8
TOPLAYER
 10
2.8725000000000001
 20
3.999881999999999
 30
0.0
 42
1.0
  0
VERTEX
  5
F1A
  8
TOPLAYER
 10
2.8774999999999991
 20
3.999881999999999
 30
0.0
 42
1.0
  0
SEQEND
  5
F1B
  8
0
  0
POLYLINE
  5
F1C
  8
TOPLAYER
 66
     1
 10
0.0
 20
0.0
 30
0.0
 40
0.01
 41
0.01
 75
     8
  0
VERTEX
  5
F1D
  8
TOPLAYER
 10
2.774999999999999
 20
3.999881999999999
 30
0.0
  0
VERTEX
  5
F1E
  8
TOPLAYER
 10
2.774999999999999
 20
4.2800000000000002
 30
0.0
  0
SEQEND
  5
F1F
  8
0
  0
POLYLINE
  5
F20
  8
TOPLAYER
 66
     1
 10
0.0
 20
0.0
 30
0.0
 70
     1
 40
0.005
 41
0.005
 75
     8
  0
VERTEX
  5
F21
  8
TOPLAYER
 10
2.7724999999999991
 20
3.999881999999999
 30
0.0
 42
1.0
  0
VERTEX
  5
F22
  8
TOPLAYER
 10
2.777499999999999
 20
3.999881999999999
 30
0.0
 42
1.0
  0
SEQEND
  5
F23
  8
0
  0
POLYLINE
  5
F24
  8
TOPLAYER
 66
     1
 10
0.0
 20
0.0
 30
0.0
 70
     1
 40
0.005
 41
0.005
 75
     8
  0
VERTEX
  5
F25
  8
TOPLAYER
 10
2.7724999999999991
 20
4.2800000000000002
 30
0.0
 42
1.0
  0
VERTEX
  5
F26
  8
TOPLAYER
 10
2.777499999999999
 20
4.2800000000000002
 30
0.0
 42
1.0
  0
SEQEND
  5
F27
  8
0
  0
POLYLINE
  5
F28
  8
TOPLAYER
 66
     1
 10
0.0
 20
0.0
 30
0.0
 40
0.01
 41
0.01
 75
     8
  0
VERTEX
  5
F29
  8
TOPLAYER
 10
2.774999999999999
 20
4.2800000000000002
 30
0.0
  0
VERTEX
  5
F2A
  8
TOPLAYER
 10
2.7999999999999989
 20
4.3049999999999988
 30
0.0
  0
SEQEND
  5
F2B
  8
0
  0
POLYLINE
  5
F2C
  8
TOPLAYER
 66
     1
 10
0.0
 20
0.0
 30
0.0
 70
     1
 40
0.005
 41
0.005
 75
     8
  0
VERTEX
  5
F2D
  8
TOPLAYER
 10
2.7724999999999991
 20
4.2800000000000002
 30
0.0
 42
1.0
  0
VERTEX
  5
F2E
  8
TOPLAYER
 10
2.777499999999999
 20
4.2800000000000002
 30
0.0
 42
1.0
  0
SEQEND
  5
F2F
  8
0
  0
POLYLINE
  5
F30
  8
TOPLAYER
 66
     1
 10
0.0
 20
0.0
 30
0.0
 70
     1
 40
0.005
 41
0.005
 75
     8
  0
VERTEX
  5
F31
  8
TOPLAYER
 10
2.797499999999999
 20
4.3049999999999988
 30
0.0
 42
1.0
  0
VERTEX
  5
F32
  8
TOPLAYER
 10
2.8025000000000002
 20
4.3049999999999988
 30
0.0
 42
1.0
  0
SEQEND
  5
F33
  8
0
  0
POLYLINE
  5
F34
  8
TOPLAYER
 66
     1
 10
0.0
 20
0.0
 30
0.0
 40
0.01
 41
0.01
 75
     8
  0
VERTEX
  5
F35
  8
TOPLAYER
 10
2.7250000000000001
 20
3.999881999999999
 30
0.0
  0
VERTEX
  5
F36
  8
TOPLAYER
 10
2.7250000000000001
 20
4.2800000000000002
 30
0.0
  0
SEQEND
  5
F37
  8
0
  0
POLYLINE
  5
F38
  8
TOPLAYER
 66
     1
 10
0.0
 20
0.0
 30
0.0
 70
     1
 40
0.005
 41
0.005
 75
     8
  0
VERTEX
  5
F39
  8
TOPLAYER
 10
2.7225000000000001
 20
3.999881999999999
 30
0.0
 42
1.0
  0
VERTEX
  5
F3A
  8
TOPLAYER
 10
2.7275
 20
3.999881999999999
 30
0.0
 42
1.0
  0
SEQEND
  5
F3B
  8
0
  0
POLYLINE
  5
F3C
  8
TOPLAYER
 66
     1
 10
0.0
 20
0.0
 30
0.0
 70
     1
 40
0.005
 41
0.005
 75
     8
  0
VERTEX
  5
F3D
  8
TOPLAYER
 10
2.7225000000000001
 20
4.2800000000000002
 30
0.0
 42
1.0
  0
VERTEX
  5
F3E
  8
TOPLAYER
 10
2.7275
 20
4.2800000000000002
 30
0.0
 42
1.0
  0
SEQEND
  5
F3F
  8
0
  0
POLYLINE
  5
F40
  8
TOPLAYER
 66
     1
 10
0.0
 20
0.0
 30
0.0
 40
0.01
 41
0.01
 75
     8
  0
VERTEX
  5
F41
  8
TOPLAYER
 10
2.7000000000000002
 20
4.3049999999999988
 30
0.0
  0
VERTEX
  5
F42
  8
TOPLAYER
 10
2.7250000000000001
 20
4.2800000000000002
 30
0.0
  0
SEQEND
  5
F43
  8
0
  0
POLYLINE
  5
F44
  8
TOPLAYER
 66
     1
 10
0.0
 20
0.0
 30
0.0
 70
     1
 40
0.005
 41
0.005
 75
     8
  0
VERTEX
  5
F45
  8
TOPLAYER
 10
2.6974999999999989
 20
4.3049999999999988
 30
0.0
 42
1.0
  0
VERTEX
  5
F46
  8
TOPLAYER
 10
2.7025000000000001
 20
4.3049999999999988
 30
0.0
 42
1.0
  0
SEQEND
  5
F47
  8
0
  0
POLYLINE
  5
F48
  8
TOPLAYER
 66
     1
 10
0.0
 20
0.0
 30
0.0
 70
     1
 40
0.005
 41
0.005
 75
     8
  0
VERTEX
  5
F49
  8
TOPLAYER
 10
2.7225000000000001
 20
4.2800000000000002
 30
0.0
 42
1.0
  0
VERTEX
  5
F4A
  8
TOPLAYER
 10
2.7275
 20
4.2800000000000002
 30
0.0
 42
1.0
  0
SEQEND
  5
F4B
  8
0
  0
POLYLINE
  5
F4C
  8
TOPLAYER
 66
     1
 10
0.0
 20
0.0
 30
0.0
 40
0.01
 41
0.01
 75
     8
  0
VERTEX
  5
F4D
  8
TOPLAYER
 10
3.149999999999999
 20
4.1500000000000004
 30
0.0
  0
VERTEX
  5
F4E
  8
TOPLAYER
 10
3.319999999999999
 20
3.98
 30
0.0
  0
SEQEND
  5
F4F
  8
0
  0
POLYLINE
  5
F50
  8
TOPLAYER
 66
     1
 10
0.0
 20
0.0
 30
0.0
 70
     1
 40
0.005
 41
0.005
 75
     8
  0
VERTEX
  5
F51
  8
TOPLAYER
 10
3.1474999999999991
 20
4.1500000000000004
 30
0.0
 42
1.0
  0
VERTEX
  5
F52
  8
TOPLAYER
 10
3.152499999999999
 20
4.1500000000000004
 30
0.0
 42
1.0
  0
SEQEND
  5
F53
  8
0
  0
POLYLINE
  5
F54
  8
TOPLAYER
 66
     1
 10
0.0
 20
0.0
 30
0.0
 70
     1
 40
0.005
 41
0.005
 75
     8
  0
VERTEX
  5
F55
  8
TOPLAYER
 10
3.317499999999999
 20
3.98
 30
0.0
 42
1.0
  0
VERTEX
  5
F56
  8
TOPLAYER
 10
3.3224999999999989
 20
3.98
 30
0.0
 42
1.0
  0
SEQEND
  5
F57
  8
0
  0
POLYLINE
  5
F58
  8
TOPLAYER
 66
     1
 10
0.0
 20
0.0
 30
0.0
 40
0.01
 41
0.01
 75
     8
  0
VERTEX
  5
F59
  8
TOPLAYER
 10
3.319999999999999
 20
3.9500000000000002
 30
0.0
  0
VERTEX
  5
F5A
  8
TOPLAYER
 10
3.3500000000000001
 20
3.9500000000000002
 30
0.0
  0
SEQEND
  5
F5B
  8
0
  0
POLYLINE
  5
F5C
  8
TOPLAYER
 66
     1
 10
0.0
 20
0.0
 30
0.0
 70
     1
 40
0.005
 41
0.005
 75
     8
  0
VERTEX
  5
F5D
  8
TOPLAYER
 10
3.317499999999999
 20
3.9500000000000002
 30
0.0
 42
1.0
  0
VERTEX
  5
F5E
  8
TOPLAYER
 10
3.3224999999999989
 20
3.9500000000000002
 30
0.0
 42
1.0
  0
SEQEND
  5
F5F
  8
0
  0
POLYLINE
  5
F60
  8
TOPLAYER
 66
     1
 10
0.0
 20
0.0
 30
0.0
 70
     1
 40
0.005
 41
0.005
 75
     8
  0
VERTEX
  5
F61
  8
TOPLAYER
 10
3.3475000000000001
 20
3.9500000000000002
 30
0.0
 42
1.0
  0
VERTEX
  5
F62
  8
TOPLAYER
 10
3.3525
 20
3.9500000000000002
 30
0.0
 42
1.0
  0
SEQEND
  5
F63
  8
0
  0
POLYLINE
  5
F64
  8
TOPLAYER
 66
     1
 10
0.0
 20
0.0
 30
0.0
 40
0.01
 41
0.01
 75
     8
  0
VERTEX
  5
F65
  8
TOPLAYER
 10
2.9249999999999989
 20
3.999881999999999
 30
0.0
  0
VERTEX
  5
F66
  8
TOPLAYER
 10
2.9249999999999989
 20
4.1600000000000001
 30
0.0
  0
SEQEND
  5
F67
  8
0
  0
POLYLINE
  5
F68
  8
TOPLAYER
 66
     1
 10
0.0
 20
0.0
 30
0.0
 70
     1
 40
0.005
 41
0.005
 75
     8
  0
VERTEX
  5
F69
  8
TOPLAYER
 10
2.922499999999999
 20
3.999881999999999
 30
0.0
 42
1.0
  0
VERTEX
  5
F6A
  8
TOPLAYER
 10
2.9275000000000002
 20
3.999881999999999
 30
0.0
 42
1.0
  0
SEQEND
  5
F6B
  8
0
  0
POLYLINE
  5
F6C
  8
TOPLAYER
 66
     1
 10
0.0
 20
0.0
 30
0.0
 70
     1
 40
0.005
 41
0.005
 75
     8
  0
VERTEX
  5
F6D
  8
TOPLAYER
 10
2.922499999999999
 20
4.1600000000000001
 30
0.0
 42
1.0
  0
VERTEX
  5
F6E
  8
TOPLAYER
 10
2.9275000000000002
 20
4.1600000000000001
 30
0.0
 42
1.0
  0
SEQEND
  5
F6F
  8
0
  0
POLYLINE
  5
F70
  8
TOPLAYER
 66
     1
 10
0.0
 20
0.0
 30
0.0
 40
0.01
 41
0.01
 75
     8
  0
VERTEX
  5
F71
  8
TOPLAYER
 10
2.9249999999999989
 20
4.1600000000000001
 30
0.0
  0
VERTEX
  5
F72
  8
TOPLAYER
 10
2.9719999999999991
 20
4.206999999999999
 30
0.0
  0
SEQEND
  5
F73
  8
0
  0
POLYLINE
  5
F74
  8
TOPLAYER
 66
     1
 10
0.0
 20
0.0
 30
0.0
 70
     1
 40
0.005
 41
0.005
 75
     8
  0
VERTEX
  5
F75
  8
TOPLAYER
 10
2.922499999999999
 20
4.1600000000000001
 30
0.0
 42
1.0
  0
VERTEX
  5
F76
  8
TOPLAYER
 10
2.9275000000000002
 20
4.1600000000000001
 30
0.0
 42
1.0
  0
SEQEND
  5
F77
  8
0
  0
POLYLINE
  5
F78
  8
TOPLAYER
 66
     1
 10
0.0
 20
0.0
 30
0.0
 70
     1
 40
0.005
 41
0.005
 75
     8
  0
VERTEX
  5
F79
  8
TOPLAYER
 10
2.9695
 20
4.206999999999999
 30
0.0
 42
1.0
  0
VERTEX
  5
F7A
  8
TOPLAYER
 10
2.974499999999999
 20
4.206999999999999
 30
0.0
 42
1.0
  0
SEQEND
  5
F7B
  8
0
  0
POLYLINE
  5
F7C
  8
TOPLAYER
 66
     1
 10
0.0
 20
0.0
 30
0.0
 40
0.01
 41
0.01
 75
     8
  0
VERTEX
  5
F7D
  8
TOPLAYER
 10
2.9719999999999991
 20
4.206999999999999
 30
0.0
  0
VERTEX
  5
F7E
  8
TOPLAYER
 10
3.0019999999999989
 20
4.206999999999999
 30
0.0
  0
SEQEND
  5
F7F
  8
0
  0
POLYLINE
  5
F80
  8
TOPLAYER
 66
     1
 10
0.0
 20
0.0
 30
0.0
 70
     1
 40
0.005
 41
0.005
 75
     8
  0
VERTEX
  5
F81
  8
TOPLAYER
 10
2.9695
 20
4.206999999999999
 30
0.0
 42
1.0
  0
VERTEX
  5
F82
  8
TOPLAYER
 10
2.974499999999999
 20
4.206999999999999
 30
0.0
 42
1.0
  0
SEQEND
  5
F83
  8
0
  0
POLYLINE
  5
F84
  8
TOPLAYER
 66
     1
 10
0.0
 20
0.0
 30
0.0
 70
     1
 40
0.005
 41
0.005
 75
     8
  0
VERTEX
  5
F85
  8
TOPLAYER
 10
2.9994999999999989
 20
4.206999999999999
 30
0.0
 42
1.0
  0
VERTEX
  5
F86
  8
TOPLAYER
 10
3.0045000000000002
 20
4.206999999999999
 30
0.0
 42
1.0
  0
SEQEND
  5
F87
  8
0
  0
POLYLINE
  5
F88
  8
TOPLAYER
 66
     1
 10
0.0
 20
0.0
 30
0.0
 40
0.01
 41
0.01
 75
     8
  0
VERTEX
  5
F89
  8
TOPLAYER
 10
3.0019999999999989
 20
4.206999999999999
 30
0.0
  0
VERTEX
  5
F8A
  8
TOPLAYER
 10
3.1000000000000001
 20
4.3049999999999988
 30
0.0
  0
SEQEND
  5
F8B
  8
0
  0
POLYLINE
  5
F8C
  8
TOPLAYER
 66
     1
 10
0.0
 20
0.0
 30
0.0
 70
     1
 40
0.005
 41
0.005
 75
     8
  0
VERTEX
  5
F8D
  8
TOPLAYER
 10
2.9994999999999989
 20
4.206999999999999
 30
0.0
 42
1.0
  0
VERTEX
  5
F8E
  8
TOPLAYER
 10
3.0045000000000002
 20
4.206999999999999
 30
0.0
 42
1.0
  0
SEQEND
  5
F8F
  8
0
  0
POLYLINE
  5
F90
  8
TOPLAYER
 66
     1
 10
0.0
 20
0.0
 30
0.0
 70
     1
 40
0.005
 41
0.005
 75
     8
  0
VERTEX
  5
F91
  8
TOPLAYER
 10
3.0975000000000001
 20
4.3049999999999988
 30
0.0
 42
1.0
  0
VERTEX
  5
F92
  8
TOPLAYER
 10
3.1025
 20
4.3049999999999988
 30
0.0
 42
1.0
  0
SEQEND
  5
F93
  8
0
  0
POLYLINE
  5
F94
  8
TOPLAYER
 66
     1
 10
0.0
 20
0.0
 30
0.0
 40
0.01
 41
0.01
 75
     8
  0
VERTEX
  5
F95
  8
TOPLAYER
 10
2.6749999999999989
 20
3.999881999999999
 30
0.0
  0
VERTEX
  5
F96
  8
TOPLAYER
 10
2.6749999999999989
 20
4.2300000000000004
 30
0.0
  0
SEQEND
  5
F97
  8
0
  0
POLYLINE
  5
F98
  8
TOPLAYER
 66
     1
 10
0.0
 20
0.0
 30
0.0
 70
     1
 40
0.005
 41
0.005
 75
     8
  0
VERTEX
  5
F99
  8
TOPLAYER
 10
2.672499999999999
 20
3.999881999999999
 30
0.0
 42
1.0
  0
VERTEX
  5
F9A
  8
TOPLAYER
 10
2.6775000000000002
 20
3.999881999999999
 30
0.0
 42
1.0
  0
SEQEND
  5
F9B
  8
0
  0
POLYLINE
  5
F9C
  8
TOPLAYER
 66
     1
 10
0.0
 20
0.0
 30
0.0
 70
     1
 40
0.005
 41
0.005
 75
     8
  0
VERTEX
  5
F9D
  8
TOPLAYER
 10
2.672499999999999
 20
4.2300000000000004
 30
0.0
 42
1.0
  0
VERTEX
  5
F9E
  8
TOPLAYER
 10
2.6775000000000002
 20
4.2300000000000004
 30
0.0
 42
1.0
  0
SEQEND
  5
F9F
  8
0
  0
POLYLINE
  5
FA0
  8
TOPLAYER
 66
     1
 10
0.0
 20
0.0
 30
0.0
 40
0.01
 41
0.01
 75
     8
  0
VERTEX
  5
FA1
  8
TOPLAYER
 10
2.6000000000000001
 20
4.3049999999999988
 30
0.0
  0
VERTEX
  5
FA2
  8
TOPLAYER
 10
2.6749999999999989
 20
4.2300000000000004
 30
0.0
  0
SEQEND
  5
FA3
  8
0
  0
POLYLINE
  5
FA4
  8
TOPLAYER
 66
     1
 10
0.0
 20
0.0
 30
0.0
 70
     1
 40
0.005
 41
0.005
 75
     8
  0
VERTEX
  5
FA5
  8
TOPLAYER
 10
2.5975000000000001
 20
4.3049999999999988
 30
0.0
 42
1.0
  0
VERTEX
  5
FA6
  8
TOPLAYER
 10
2.6025
 20
4.3049999999999988
 30
0.0
 42
1.0
  0
SEQEND
  5
FA7
  8
0
  0
POLYLINE
  5
FA8
  8
TOPLAYER
 66
     1
 10
0.0
 20
0.0
 30
0.0
 70
     1
 40
0.005
 41
0.005
 75
     8
  0
VERTEX
  5
FA9
  8
TOPLAYER
 10
2.672499999999999
 20
4.2300000000000004
 30
0.0
 42
1.0
  0
VERTEX
  5
FAA
  8
TOPLAYER
 10
2.6775000000000002
 20
4.2300000000000004
 30
0.0
 42
1.0
  0
SEQEND
  5
FAB
  8
0
  0
POLYLINE
  5
FAC
  8
TOPLAYER
 66
     1
 10
0.0
 20
0.0
 30
0.0
 40
0.01
 41
0.01
 75
     8
  0
VERTEX
  5
FAD
  8
TOPLAYER
 10
3.7250000000000001
 20
3.999881999999999
 30
0.0
  0
VERTEX
  5
FAE
  8
TOPLAYER
 10
3.7250000000000001
 20
4.1239999999999988
 30
0.0
  0
SEQEND
  5
FAF
  8
0
  0
POLYLINE
  5
FB0
  8
TOPLAYER
 66
     1
 10
0.0
 20
0.0
 30
0.0
 70
     1
 40
0.005
 41
0.005
 75
     8
  0
VERTEX
  5
FB1
  8
TOPLAYER
 10
3.7225000000000001
 20
3.999881999999999
 30
0.0
 42
1.0
  0
VERTEX
  5
FB2
  8
TOPLAYER
 10
3.7275
 20
3.999881999999999
 30
0.0
 42
1.0
  0
SEQEND
  5
FB3
  8
0
  0
POLYLINE
  5
FB4
  8
TOPLAYER
 66
     1
 10
0.0
 20
0.0
 30
0.0
 70
     1
 40
0.005
 41
0.005
 75
     8
  0
VERTEX
  5
FB5
  8
TOPLAYER
 10
3.7225000000000001
 20
4.1239999999999988
 30
0.0
 42
1.0
  0
VERTEX
  5
FB6
  8
TOPLAYER
 10
3.7275
 20
4.1239999999999988
 30
0.0
 42
1.0
  0
SEQEND
  5
FB7
  8
0
  0
POLYLINE
  5
FB8
  8
TOPLAYER
 66
     1
 10
0.0
 20
0.0
 30
0.0
 40
0.01
 41
0.01
 75
     8
  0
VERTEX
  5
FB9
  8
TOPLAYER
 10
3.5
 20
4.3049999999999988
 30
0.0
  0
VERTEX
  5
FBA
  8
TOPLAYER
 10
3.681
 20
4.1239999999999988
 30
0.0
  0
SEQEND
  5
FBB
  8
0
  0
POLYLINE
  5
FBC
  8
TOPLAYER
 66
     1
 10
0.0
 20
0.0
 30
0.0
 70
     1
 40
0.005
 41
0.005
 75
     8
  0
VERTEX
  5
FBD
  8
TOPLAYER
 10
3.4975000000000001
 20
4.3049999999999988
 30
0.0
 42
1.0
  0
VERTEX
  5
FBE
  8
TOPLAYER
 10
3.5024999999999991
 20
4.3049999999999988
 30
0.0
 42
1.0
  0
SEQEND
  5
FBF
  8
0
  0
POLYLINE
  5
FC0
  8
TOPLAYER
 66
     1
 10
0.0
 20
0.0
 30
0.0
 70
     1
 40
0.005
 41
0.005
 75
     8
  0
VERTEX
  5
FC1
  8
TOPLAYER
 10
3.6785000000000001
 20
4.1239999999999988
 30
0.0
 42
1.0
  0
VERTEX
  5
FC2
  8
TOPLAYER
 10
3.6834999999999991
 20
4.1239999999999988
 30
0.0
 42
1.0
  0
SEQEND
  5
FC3
  8
0
  0
POLYLINE
  5
FC4
  8
TOPLAYER
 66
     1
 10
0.0
 20
0.0
 30
0.0
 40
0.01
 41
0.01
 75
     8
  0
VERTEX
  5
FC5
  8
TOPLAYER
 10
3.774999999999999
 20
3.999881999999999
 30
0.0
  0
VERTEX
  5
FC6
  8
TOPLAYER
 10
3.774999999999999
 20
4.153999999999999
 30
0.0
  0
SEQEND
  5
FC7
  8
0
  0
POLYLINE
  5
FC8
  8
TOPLAYER
 66
     1
 10
0.0
 20
0.0
 30
0.0
 70
     1
 40
0.005
 41
0.005
 75
     8
  0
VERTEX
  5
FC9
  8
TOPLAYER
 10
3.7724999999999991
 20
3.999881999999999
 30
0.0
 42
1.0
  0
VERTEX
  5
FCA
  8
TOPLAYER
 10
3.777499999999999
 20
3.999881999999999
 30
0.0
 42
1.0
  0
SEQEND
  5
FCB
  8
0
  0
POLYLINE
  5
FCC
  8
TOPLAYER
 66
     1
 10
0.0
 20
0.0
 30
0.0
 70
     1
 40
0.005
 41
0.005
 75
     8
  0
VERTEX
  5
FCD
  8
TOPLAYER
 10
3.7724999999999991
 20
4.153999999999999
 30
0.0
 42
1.0
  0
VERTEX
  5
FCE
  8
TOPLAYER
 10
3.777499999999999
 20
4.153999999999999
 30
0.0
 42
1.0
  0
SEQEND
  5
FCF
  8
0
  0
POLYLINE
  5
FD0
  8
TOPLAYER
 66
     1
 10
0.0
 20
0.0
 30
0.0
 40
0.01
 41
0.01
 75
     8
  0
VERTEX
  5
FD1
  8
TOPLAYER
 10
3.7019999999999991
 20
4.2270000000000003
 30
0.0
  0
VERTEX
  5
FD2
  8
TOPLAYER
 10
3.774999999999999
 20
4.153999999999999
 30
0.0
  0
SEQEND
  5
FD3
  8
0
  0
POLYLINE
  5
FD4
  8
TOPLAYER
 66
     1
 10
0.0
 20
0.0
 30
0.0
 70
     1
 40
0.005
 41
0.005
 75
     8
  0
VERTEX
  5
FD5
  8
TOPLAYER
 10
3.6995
 20
4.2270000000000003
 30
0.0
 42
1.0
  0
VERTEX
  5
FD6
  8
TOPLAYER
 10
3.704499999999999
 20
4.2270000000000003
 30
0.0
 42
1.0
  0
SEQEND
  5
FD7
  8
0
  0
POLYLINE
  5
FD8
  8
TOPLAYER
 66
     1
 10
0.0
 20
0.0
 30
0.0
 70
     1
 40
0.005
 41
0.005
 75
     8
  0
VERTEX
  5
FD9
  8
TOPLAYER
 10
3.7724999999999991
 20
4.153999999999999
 30
0.0
 42
1.0
  0
VERTEX
  5
FDA
  8
TOPLAYER
 10
3.777499999999999
 20
4.153999999999999
 30
0.0
 42
1.0
  0
SEQEND
  5
FDB
  8
0
  0
POLYLINE
  5
FDC
  8
TOPLAYER
 66
     1
 10
0.0
 20
0.0
 30
0.0
 40
0.01
 41
0.01
 75
     8
  0
VERTEX
  5
FDD
  8
TOPLAYER
 10
3.677999999999999
 20
4.2270000000000003
 30
0.0
  0
VERTEX
  5
FDE
  8
TOPLAYER
 10
3.7019999999999991
 20
4.2270000000000003
 30
0.0
  0
SEQEND
  5
FDF
  8
0
  0
POLYLINE
  5
FE0
  8
TOPLAYER
 66
     1
 10
0.0
 20
0.0
 30
0.0
 70
     1
 40
0.005
 41
0.005
 75
     8
  0
VERTEX
  5
FE1
  8
TOPLAYER
 10
3.6754999999999991
 20
4.2270000000000003
 30
0.0
 42
1.0
  0
VERTEX
  5
FE2
  8
TOPLAYER
 10
3.680499999999999
 20
4.2270000000000003
 30
0.0
 42
1.0
  0
SEQEND
  5
FE3
  8
0
  0
POLYLINE
  5
FE4
  8
TOPLAYER
 66
     1
 10
0.0
 20
0.0
 30
0.0
 70
     1
 40
0.005
 41
0.005
 75
     8
  0
VERTEX
  5
FE5
  8
TOPLAYER
 10
3.6995
 20
4.2270000000000003
 30
0.0
 42
1.0
  0
VERTEX
  5
FE6
  8
TOPLAYER
 10
3.704499999999999
 20
4.2270000000000003
 30
0.0
 42
1.0
  0
SEQEND
  5
FE7
  8
0
  0
POLYLINE
  5
FE8
  8
TOPLAYER
 66
     1
 10
0.0
 20
0.0
 30
0.0
 40
0.01
 41
0.01
 75
     8
  0
VERTEX
  5
FE9
  8
TOPLAYER
 10
3.6000000000000001
 20
4.3049999999999988
 30
0.0
  0
VERTEX
  5
FEA
  8
TOPLAYER
 10
3.677999999999999
 20
4.2270000000000003
 30
0.0
  0
SEQEND
  5
FEB
  8
0
  0
POLYLINE
  5
FEC
  8
TOPLAYER
 66
     1
 10
0.0
 20
0.0
 30
0.0
 70
     1
 40
0.005
 41
0.005
 75
     8
  0
VERTEX
  5
FED
  8
TOPLAYER
 10
3.5975000000000001
 20
4.3049999999999988
 30
0.0
 42
1.0
  0
VERTEX
  5
FEE
  8
TOPLAYER
 10
3.6025
 20
4.3049999999999988
 30
0.0
 42
1.0
  0
SEQEND
  5
FEF
  8
0
  0
POLYLINE
  5
FF0
  8
TOPLAYER
 66
     1
 10
0.0
 20
0.0
 30
0.0
 70
     1
 40
0.005
 41
0.005
 75
     8
  0
VERTEX
  5
FF1
  8
TOPLAYER
 10
3.6754999999999991
 20
4.2270000000000003
 30
0.0
 42
1.0
  0
VERTEX
  5
FF2
  8
TOPLAYER
 10
3.680499999999999
 20
4.2270000000000003
 30
0.0
 42
1.0
  0
SEQEND
  5
FF3
  8
0
  0
POLYLINE
  5
FF4
  8
TOPLAYER
 66
     1
 10
0.0
 20
0.0
 30
0.0
 40
0.01
 41
0.01
 75
     8
  0
VERTEX
  5
FF5
  8
TOPLAYER
 10
4.0250000000000004
 20
3.999881999999999
 30
0.0
  0
VERTEX
  5
FF6
  8
TOPLAYER
 10
4.0250000000000004
 20
4.2300000000000004
 30
0.0
  0
SEQEND
  5
FF7
  8
0
  0
POLYLINE
  5
FF8
  8
TOPLAYER
 66
     1
 10
0.0
 20
0.0
 30
0.0
 70
     1
 40
0.005
 41
0.005
 75
     8
  0
VERTEX
  5
FF9
  8
TOPLAYER
 10
4.0224999999999991
 20
3.999881999999999
 30
0.0
 42
1.0
  0
VERTEX
  5
FFA
  8
TOPLAYER
 10
4.027499999999999
 20
3.999881999999999
 30
0.0
 42
1.0
  0
SEQEND
  5
FFB
  8
0
  0
POLYLINE
  5
FFC
  8
TOPLAYER
 66
     1
 10
0.0
 20
0.0
 30
0.0
 70
     1
 40
0.005
 41
0.005
 75
     8
  0
VERTEX
  5
FFD
  8
TOPLAYER
 10
4.0224999999999991
 20
4.2300000000000004
 30
0.0
 42
1.0
  0
VERTEX
  5
FFE
  8
TOPLAYER
 10
4.027499999999999
 20
4.2300000000000004
 30
0.0
 42
1.0
  0
SEQEND
  5
FFF
  8
0
  0
POLYLINE
  5
1000
  8
TOPLAYER
 66
     1
 10
0.0
 20
0.0
 30
0.0
 40
0.01
 41
0.01
 75
     8
  0
VERTEX
  5
1001
  8
TOPLAYER
 10
4.0250000000000004
 20
4.2300000000000004
 30
0.0
  0
VERTEX
  5
1002
  8
TOPLAYER
 10
4.0999999999999988
 20
4.3049999999999988
 30
0.0
  0
SEQEND
  5
1003
  8
0
  0
POLYLINE
  5
1004
  8
TOPLAYER
 66
     1
 10
0.0
 20
0.0
 30
0.0
 70
     1
 40
0.005
 41
0.005
 75
     8
  0
VERTEX
  5
1005
  8
TOPLAYER
 10
4.0224999999999991
 20
4.2300000000000004
 30
0.0
 42
1.0
  0
VERTEX
  5
1006
  8
TOPLAYER
 10
4.027499999999999
 20
4.2300000000000004
 30
0.0
 42
1.0
  0
SEQEND
  5
1007
  8
0
  0
POLYLINE
  5
1008
  8
TOPLAYER
 66
     1
 10
0.0
 20
0.0
 30
0.0
 70
     1
 40
0.005
 41
0.005
 75
     8
  0
VERTEX
  5
1009
  8
TOPLAYER
 10
4.0975000000000001
 20
4.3049999999999988
 30
0.0
 42
1.0
  0
VERTEX
  5
100A
  8
TOPLAYER
 10
4.1025
 20
4.3049999999999988
 30
0.0
 42
1.0
  0
SEQEND
  5
100B
  8
0
  0
POLYLINE
  5
100C
  8
TOPLAYER
 66
     1
 10
0.0
 20
0.0
 30
0.0
 40
0.01
 41
0.01
 75
     8
  0
VERTEX
  5
100D
  8
TOPLAYER
 10
2.8250000000000002
 20
3.999881999999999
 30
0.0
  0
VERTEX
  5
100E
  8
TOPLAYER
 10
2.8250000000000002
 20
4.2300000000000004
 30
0.0
  0
SEQEND
  5
100F
  8
0
  0
POLYLINE
  5
1010
  8
TOPLAYER
 66
     1
 10
0.0
 20
0.0
 30
0.0
 70
     1
 40
0.005
 41
0.005
 75
     8
  0
VERTEX
  5
1011
  8
TOPLAYER
 10
2.8224999999999989
 20
3.999881999999999
 30
0.0
 42
1.0
  0
VERTEX
  5
1012
  8
TOPLAYER
 10
2.8275000000000001
 20
3.999881999999999
 30
0.0
 42
1.0
  0
SEQEND
  5
1013
  8
0
  0
POLYLINE
  5
1014
  8
TOPLAYER
 66
     1
 10
0.0
 20
0.0
 30
0.0
 70
     1
 40
0.005
 41
0.005
 75
     8
  0
VERTEX
  5
1015
  8
TOPLAYER
 10
2.8224999999999989
 20
4.2300000000000004
 30
0.0
 42
1.0
  0
VERTEX
  5
1016
  8
TOPLAYER
 10
2.8275000000000001
 20
4.2300000000000004
 30
0.0
 42
1.0
  0
SEQEND
  5
1017
  8
0
  0
POLYLINE
  5
1018
  8
TOPLAYER
 66
     1
 10
0.0
 20
0.0
 30
0.0
 40
0.01
 41
0.01
 75
     8
  0
VERTEX
  5
1019
  8
TOPLAYER
 10
2.8250000000000002
 20
4.2300000000000004
 30
0.0
  0
VERTEX
  5
101A
  8
TOPLAYER
 10
2.8999999999999999
 20
4.3049999999999988
 30
0.0
  0
SEQEND
  5
101B
  8
0
  0
POLYLINE
  5
101C
  8
TOPLAYER
 66
     1
 10
0.0
 20
0.0
 30
0.0
 70
     1
 40
0.005
 41
0.005
 75
     8
  0
VERTEX
  5
101D
  8
TOPLAYER
 10
2.8224999999999989
 20
4.2300000000000004
 30
0.0
 42
1.0
  0
VERTEX
  5
101E
  8
TOPLAYER
 10
2.8275000000000001
 20
4.2300000000000004
 30
0.0
 42
1.0
  0
SEQEND
  5
101F
  8
0
  0
POLYLINE
  5
1020
  8
TOPLAYER
 66
     1
 10
0.0
 20
0.0
 30
0.0
 70
     1
 40
0.005
 41
0.005
 75
     8
  0
VERTEX
  5
1021
  8
TOPLAYER
 10
2.8974999999999991
 20
4.3049999999999988
 30
0.0
 42
1.0
  0
VERTEX
  5
1022
  8
TOPLAYER
 10
2.902499999999999
 20
4.3049999999999988
 30
0.0
 42
1.0
  0
SEQEND
  5
1023
  8
0
  0
POLYLINE
  5
1024
  8
TOPLAYER
 66
     1
 10
0.0
 20
0.0
 30
0.0
 40
0.01
 41
0.01
 75
     8
  0
VERTEX
  5
1025
  8
TOPLAYER
 10
3.7000000000000002
 20
4.2699999999999987
 30
0.0
  0
VERTEX
  5
1026
  8
TOPLAYER
 10
3.7000000000000002
 20
4.3049999999999988
 30
0.0
  0
SEQEND
  5
1027
  8
0
  0
POLYLINE
  5
1028
  8
TOPLAYER
 66
     1
 10
0.0
 20
0.0
 30
0.0
 70
     1
 40
0.005
 41
0.005
 75
     8
  0
VERTEX
  5
1029
  8
TOPLAYER
 10
3.6974999999999989
 20
4.2699999999999987
 30
0.0
 42
1.0
  0
VERTEX
  5
102A
  8
TOPLAYER
 10
3.7025000000000001
 20
4.2699999999999987
 30
0.0
 42
1.0
  0
SEQEND
  5
102B
  8
0
  0
POLYLINE
  5
102C
  8
TOPLAYER
 66
     1
 10
0.0
 20
0.0
 30
0.0
 70
     1
 40
0.005
 41
0.005
 75
     8
  0
VERTEX
  5
102D
  8
TOPLAYER
 10
3.6974999999999989
 20
4.3049999999999988
 30
0.0
 42
1.0
  0
VERTEX
  5
102E
  8
TOPLAYER
 10
3.7025000000000001
 20
4.3049999999999988
 30
0.0
 42
1.0
  0
SEQEND
  5
102F
  8
0
  0
POLYLINE
  5
1030
  8
TOPLAYER
 66
     1
 10
0.0
 20
0.0
 30
0.0
 40
0.01
 41
0.01
 75
     8
  0
VERTEX
  5
1031
  8
TOPLAYER
 10
3.722999999999999
 20
4.2699999999999987
 30
0.0
  0
VERTEX
  5
1032
  8
TOPLAYER
 10
3.8250000000000002
 20
4.1680000000000001
 30
0.0
  0
SEQEND
  5
1033
  8
0
  0
POLYLINE
  5
1034
  8
TOPLAYER
 66
     1
 10
0.0
 20
0.0
 30
0.0
 70
     1
 40
0.005
 41
0.005
 75
     8
  0
VERTEX
  5
1035
  8
TOPLAYER
 10
3.720499999999999
 20
4.2699999999999987
 30
0.0
 42
1.0
  0
VERTEX
  5
1036
  8
TOPLAYER
 10
3.7254999999999989
 20
4.2699999999999987
 30
0.0
 42
1.0
  0
SEQEND
  5
1037
  8
0
  0
POLYLINE
  5
1038
  8
TOPLAYER
 66
     1
 10
0.0
 20
0.0
 30
0.0
 70
     1
 40
0.005
 41
0.005
 75
     8
  0
VERTEX
  5
1039
  8
TOPLAYER
 10
3.8224999999999989
 20
4.1680000000000001
 30
0.0
 42
1.0
  0
VERTEX
  5
103A
  8
TOPLAYER
 10
3.8275000000000001
 20
4.1680000000000001
 30
0.0
 42
1.0
  0
SEQEND
  5
103B
  8
0
  0
POLYLINE
  5
103C
  8
TOPLAYER
 66
     1
 10
0.0
 20
0.0
 30
0.0
 40
0.01
 41
0.01
 75
     8
  0
VERTEX
  5
103D
  8
TOPLAYER
 10
3.8250000000000002
 20
3.999881999999999
 30
0.0
  0
VERTEX
  5
103E
  8
TOPLAYER
 10
3.8250000000000002
 20
4.1680000000000001
 30
0.0
  0
SEQEND
  5
103F
  8
0
  0
POLYLINE
  5
1040
  8
TOPLAYER
 66
     1
 10
0.0
 20
0.0
 30
0.0
 70
     1
 40
0.005
 41
0.005
 75
     8
  0
VERTEX
  5
1041
  8
TOPLAYER
 10
3.8224999999999989
 20
3.999881999999999
 30
0.0
 42
1.0
  0
VERTEX
  5
1042
  8
TOPLAYER
 10
3.8275000000000001
 20
3.999881999999999
 30
0.0
 42
1.0
  0
SEQEND
  5
1043
  8
0
  0
POLYLINE
  5
1044
  8
TOPLAYER
 66
     1
 10
0.0
 20
0.0
 30
0.0
 70
     1
 40
0.005
 41
0.005
 75
     8
  0
VERTEX
  5
1045
  8
TOPLAYER
 10
3.8224999999999989
 20
4.1680000000000001
 30
0.0
 42
1.0
  0
VERTEX
  5
1046
  8
TOPLAYER
 10
3.8275000000000001
 20
4.1680000000000001
 30
0.0
 42
1.0
  0
SEQEND
  5
1047
  8
0
  0
POLYLINE
  5
1048
  8
TOPLAYER
 66
     1
 10
0.0
 20
0.0
 30
0.0
 40
0.01
 41
0.01
 75
     8
  0
VERTEX
  5
1049
  8
TOPLAYER
 10
2.25
 20
3.9500000000000002
 30
0.0
  0
VERTEX
  5
104A
  8
TOPLAYER
 10
2.25
 20
3.9830000000000001
 30
0.0
  0
SEQEND
  5
104B
  8
0
  0
POLYLINE
  5
104C
  8
TOPLAYER
 66
     1
 10
0.0
 20
0.0
 30
0.0
 70
     1
 40
0.005
 41
0.005
 75
     8
  0
VERTEX
  5
104D
  8
TOPLAYER
 10
2.2475000000000001
 20
3.9500000000000002
 30
0.0
 42
1.0
  0
VERTEX
  5
104E
  8
TOPLAYER
 10
2.2524999999999991
 20
3.9500000000000002
 30
0.0
 42
1.0
  0
SEQEND
  5
104F
  8
0
  0
POLYLINE
  5
1050
  8
TOPLAYER
 66
     1
 10
0.0
 20
0.0
 30
0.0
 70
     1
 40
0.005
 41
0.005
 75
     8
  0
VERTEX
  5
1051
  8
TOPLAYER
 10
2.2475000000000001
 20
3.9830000000000001
 30
0.0
 42
1.0
  0
VERTEX
  5
1052
  8
TOPLAYER
 10
2.2524999999999991
 20
3.9830000000000001
 30
0.0
 42
1.0
  0
SEQEND
  5
1053
  8
0
  0
POLYLINE
  5
1054
  8
TOPLAYER
 66
     1
 10
0.0
 20
0.0
 30
0.0
 40
0.01
 41
0.01
 75
     8
  0
VERTEX
  5
1055
  8
TOPLAYER
 10
2.0830000000000002
 20
4.1500000000000004
 30
0.0
  0
VERTEX
  5
1056
  8
TOPLAYER
 10
2.25
 20
3.9830000000000001
 30
0.0
  0
SEQEND
  5
1057
  8
0
  0
POLYLINE
  5
1058
  8
TOPLAYER
 66
     1
 10
0.0
 20
0.0
 30
0.0
 70
     1
 40
0.005
 41
0.005
 75
     8
  0
VERTEX
  5
1059
  8
TOPLAYER
 10
2.0804999999999989
 20
4.1500000000000004
 30
0.0
 42
1.0
  0
VERTEX
  5
105A
  8
TOPLAYER
 10
2.0855000000000001
 20
4.1500000000000004
 30
0.0
 42
1.0
  0
SEQEND
  5
105B
  8
0
  0
POLYLINE
  5
105C
  8
TOPLAYER
 66
     1
 10
0.0
 20
0.0
 30
0.0
 70
     1
 40
0.005
 41
0.005
 75
     8
  0
VERTEX
  5
105D
  8
TOPLAYER
 10
2.2475000000000001
 20
3.9830000000000001
 30
0.0
 42
1.0
  0
VERTEX
  5
105E
  8
TOPLAYER
 10
2.2524999999999991
 20
3.9830000000000001
 30
0.0
 42
1.0
  0
SEQEND
  5
105F
  8
0
  0
POLYLINE
  5
1060
  8
TOPLAYER
 66
     1
 10
0.0
 20
0.0
 30
0.0
 40
0.01
 41
0.01
 75
     8
  0
VERTEX
  5
1061
  8
TOPLAYER
 10
2.0499999999999989
 20
4.1500000000000004
 30
0.0
  0
VERTEX
  5
1062
  8
TOPLAYER
 10
2.0830000000000002
 20
4.1500000000000004
 30
0.0
  0
SEQEND
  5
1063
  8
0
  0
POLYLINE
  5
1064
  8
TOPLAYER
 66
     1
 10
0.0
 20
0.0
 30
0.0
 70
     1
 40
0.005
 41
0.005
 75
     8
  0
VERTEX
  5
1065
  8
TOPLAYER
 10
2.047499999999999
 20
4.1500000000000004
 30
0.0
 42
1.0
  0
VERTEX
  5
1066
  8
TOPLAYER
 10
2.0525000000000002
 20
4.1500000000000004
 30
0.0
 42
1.0
  0
SEQEND
  5
1067
  8
0
  0
POLYLINE
  5
1068
  8
TOPLAYER
 66
     1
 10
0.0
 20
0.0
 30
0.0
 70
     1
 40
0.005
 41
0.005
 75
     8
  0
VERTEX
  5
1069
  8
TOPLAYER
 10
2.0804999999999989
 20
4.1500000000000004
 30
0.0
 42
1.0
  0
VERTEX
  5
106A
  8
TOPLAYER
 10
2.0855000000000001
 20
4.1500000000000004
 30
0.0
 42
1.0
  0
SEQEND
  5
106B
  8
0
  0
POLYLINE
  5
106C
  8
TOPLAYER
 66
     1
 10
0.0
 20
0.0
 30
0.0
 40
0.01
 41
0.01
 75
     8
  0
VERTEX
  5
106D
  8
TOPLAYER
 10
3.2000000000000002
 20
4.2640000000000002
 30
0.0
  0
VERTEX
  5
106E
  8
TOPLAYER
 10
3.2000000000000002
 20
4.3049999999999988
 30
0.0
  0
SEQEND
  5
106F
  8
0
  0
POLYLINE
  5
1070
  8
TOPLAYER
 66
     1
 10
0.0
 20
0.0
 30
0.0
 70
     1
 40
0.005
 41
0.005
 75
     8
  0
VERTEX
  5
1071
  8
TOPLAYER
 10
3.1974999999999989
 20
4.2640000000000002
 30
0.0
 42
1.0
  0
VERTEX
  5
1072
  8
TOPLAYER
 10
3.2025000000000001
 20
4.2640000000000002
 30
0.0
 42
1.0
  0
SEQEND
  5
1073
  8
0
  0
POLYLINE
  5
1074
  8
TOPLAYER
 66
     1
 10
0.0
 20
0.0
 30
0.0
 70
     1
 40
0.005
 41
0.005
 75
     8
  0
VERTEX
  5
1075
  8
TOPLAYER
 10
3.1974999999999989
 20
4.3049999999999988
 30
0.0
 42
1.0
  0
VERTEX
  5
1076
  8
TOPLAYER
 10
3.2025000000000001
 20
4.3049999999999988
 30
0.0
 42
1.0
  0
SEQEND
  5
1077
  8
0
  0
POLYLINE
  5
1078
  8
TOPLAYER
 66
     1
 10
0.0
 20
0.0
 30
0.0
 40
0.01
 41
0.01
 75
     8
  0
VERTEX
  5
1079
  8
TOPLAYER
 10
3.0640000000000001
 20
4.1280000000000001
 30
0.0
  0
VERTEX
  5
107A
  8
TOPLAYER
 10
3.2000000000000002
 20
4.2640000000000002
 30
0.0
  0
SEQEND
  5
107B
  8
0
  0
POLYLINE
  5
107C
  8
TOPLAYER
 66
     1
 10
0.0
 20
0.0
 30
0.0
 70
     1
 40
0.005
 41
0.005
 75
     8
  0
VERTEX
  5
107D
  8
TOPLAYER
 10
3.0615000000000001
 20
4.1280000000000001
 30
0.0
 42
1.0
  0
VERTEX
  5
107E
  8
TOPLAYER
 10
3.0665
 20
4.1280000000000001
 30
0.0
 42
1.0
  0
SEQEND
  5
107F
  8
0
  0
POLYLINE
  5
1080
  8
TOPLAYER
 66
     1
 10
0.0
 20
0.0
 30
0.0
 70
     1
 40
0.005
 41
0.005
 75
     8
  0
VERTEX
  5
1081
  8
TOPLAYER
 10
3.1974999999999989
 20
4.2640000000000002
 30
0.0
 42
1.0
  0
VERTEX
  5
1082
  8
TOPLAYER
 10
3.2025000000000001
 20
4.2640000000000002
 30
0.0
 42
1.0
  0
SEQEND
  5
1083
  8
0
  0
POLYLINE
  5
1084
  8
TOPLAYER
 66
     1
 10
0.0
 20
0.0
 30
0.0
 40
0.01
 41
0.01
 75
     8
  0
VERTEX
  5
1085
  8
TOPLAYER
 10
2.9750000000000001
 20
3.999881999999999
 30
0.0
  0
VERTEX
  5
1086
  8
TOPLAYER
 10
2.9750000000000001
 20
4.1280000000000001
 30
0.0
  0
SEQEND
  5
1087
  8
0
  0
POLYLINE
  5
1088
  8
TOPLAYER
 66
     1
 10
0.0
 20
0.0
 30
0.0
 70
     1
 40
0.005
 41
0.005
 75
     8
  0
VERTEX
  5
1089
  8
TOPLAYER
 10
2.9725000000000001
 20
3.999881999999999
 30
0.0
 42
1.0
  0
VERTEX
  5
108A
  8
TOPLAYER
 10
2.9775
 20
3.999881999999999
 30
0.0
 42
1.0
  0
SEQEND
  5
108B
  8
0
  0
POLYLINE
  5
108C
  8
TOPLAYER
 66
     1
 10
0.0
 20
0.0
 30
0.0
 70
     1
 40
0.005
 41
0.005
 75
     8
  0
VERTEX
  5
108D
  8
TOPLAYER
 10
2.9725000000000001
 20
4.1280000000000001
 30
0.0
 42
1.0
  0
VERTEX
  5
108E
  8
TOPLAYER
 10
2.9775
 20
4.1280000000000001
 30
0.0
 42
1.0
  0
SEQEND
  5
108F
  8
0
  0
POLYLINE
  5
1090
  8
TOPLAYER
 66
     1
 10
0.0
 20
0.0
 30
0.0
 40
0.01
 41
0.01
 75
     8
  0
VERTEX
  5
1091
  8
TOPLAYER
 10
2.625
 20
3.999881999999999
 30
0.0
  0
VERTEX
  5
1092
  8
TOPLAYER
 10
2.625
 20
4.1799999999999988
 30
0.0
  0
SEQEND
  5
1093
  8
0
  0
POLYLINE
  5
1094
  8
TOPLAYER
 66
     1
 10
0.0
 20
0.0
 30
0.0
 70
     1
 40
0.005
 41
0.005
 75
     8
  0
VERTEX
  5
1095
  8
TOPLAYER
 10
2.6225000000000001
 20
3.999881999999999
 30
0.0
 42
1.0
  0
VERTEX
  5
1096
  8
TOPLAYER
 10
2.6274999999999991
 20
3.999881999999999
 30
0.0
 42
1.0
  0
SEQEND
  5
1097
  8
0
  0
POLYLINE
  5
1098
  8
TOPLAYER
 66
     1
 10
0.0
 20
0.0
 30
0.0
 70
     1
 40
0.005
 41
0.005
 75
     8
  0
VERTEX
  5
1099
  8
TOPLAYER
 10
2.6225000000000001
 20
4.1799999999999988
 30
0.0
 42
1.0
  0
VERTEX
  5
109A
  8
TOPLAYER
 10
2.6274999999999991
 20
4.1799999999999988
 30
0.0
 42
1.0
  0
SEQEND
  5
109B
  8
0
  0
POLYLINE
  5
109C
  8
TOPLAYER
 66
     1
 10
0.0
 20
0.0
 30
0.0
 40
0.01
 41
0.01
 75
     8
  0
VERTEX
  5
109D
  8
TOPLAYER
 10
2.5
 20
4.3049999999999988
 30
0.0
  0
VERTEX
  5
109E
  8
TOPLAYER
 10
2.625
 20
4.1799999999999988
 30
0.0
  0
SEQEND
  5
109F
  8
0
  0
POLYLINE
  5
10A0
  8
TOPLAYER
 66
     1
 10
0.0
 20
0.0
 30
0.0
 70
     1
 40
0.005
 41
0.005
 75
     8
  0
VERTEX
  5
10A1
  8
TOPLAYER
 10
2.4975000000000001
 20
4.3049999999999988
 30
0.0
 42
1.0
  0
VERTEX
  5
10A2
  8
TOPLAYER
 10
2.5024999999999991
 20
4.3049999999999988
 30
0.0
 42
1.0
  0
SEQEND
  5
10A3
  8
0
  0
POLYLINE
  5
10A4
  8
TOPLAYER
 66
     1
 10
0.0
 20
0.0
 30
0.0
 70
     1
 40
0.005
 41
0.005
 75
     8
  0
VERTEX
  5
10A5
  8
TOPLAYER
 10
2.6225000000000001
 20
4.1799999999999988
 30
0.0
 42
1.0
  0
VERTEX
  5
10A6
  8
TOPLAYER
 10
2.6274999999999991
 20
4.1799999999999988
 30
0.0
 42
1.0
  0
SEQEND
  5
10A7
  8
0
  0
POLYLINE
  5
10A8
  8
TOPLAYER
 66
     1
 10
0.0
 20
0.0
 30
0.0
 40
0.01
 41
0.01
 75
     8
  0
VERTEX
  5
10A9
  8
TOPLAYER
 10
4.0750000000000002
 20
3.999881999999999
 30
0.0
  0
VERTEX
  5
10AA
  8
TOPLAYER
 10
4.0750000000000002
 20
4.1799999999999988
 30
0.0
  0
SEQEND
  5
10AB
  8
0
  0
POLYLINE
  5
10AC
  8
TOPLAYER
 66
     1
 10
0.0
 20
0.0
 30
0.0
 70
     1
 40
0.005
 41
0.005
 75
     8
  0
VERTEX
  5
10AD
  8
TOPLAYER
 10
4.0724999999999989
 20
3.999881999999999
 30
0.0
 42
1.0
  0
VERTEX
  5
10AE
  8
TOPLAYER
 10
4.0774999999999988
 20
3.999881999999999
 30
0.0
 42
1.0
  0
SEQEND
  5
10AF
  8
0
  0
POLYLINE
  5
10B0
  8
TOPLAYER
 66
     1
 10
0.0
 20
0.0
 30
0.0
 70
     1
 40
0.005
 41
0.005
 75
     8
  0
VERTEX
  5
10B1
  8
TOPLAYER
 10
4.0724999999999989
 20
4.1799999999999988
 30
0.0
 42
1.0
  0
VERTEX
  5
10B2
  8
TOPLAYER
 10
4.0774999999999988
 20
4.1799999999999988
 30
0.0
 42
1.0
  0
SEQEND
  5
10B3
  8
0
  0
POLYLINE
  5
10B4
  8
TOPLAYER
 66
     1
 10
0.0
 20
0.0
 30
0.0
 40
0.01
 41
0.01
 75
     8
  0
VERTEX
  5
10B5
  8
TOPLAYER
 10
4.0750000000000002
 20
4.1799999999999988
 30
0.0
  0
VERTEX
  5
10B6
  8
TOPLAYER
 10
4.2000000000000002
 20
4.3049999999999988
 30
0.0
  0
SEQEND
  5
10B7
  8
0
  0
POLYLINE
  5
10B8
  8
TOPLAYER
 66
     1
 10
0.0
 20
0.0
 30
0.0
 70
     1
 40
0.005
 41
0.005
 75
     8
  0
VERTEX
  5
10B9
  8
TOPLAYER
 10
4.0724999999999989
 20
4.1799999999999988
 30
0.0
 42
1.0
  0
VERTEX
  5
10BA
  8
TOPLAYER
 10
4.0774999999999988
 20
4.1799999999999988
 30
0.0
 42
1.0
  0
SEQEND
  5
10BB
  8
0
  0
POLYLINE
  5
10BC
  8
TOPLAYER
 66
     1
 10
0.0
 20
0.0
 30
0.0
 70
     1
 40
0.005
 41
0.005
 75
     8
  0
VERTEX
  5
10BD
  8
TOPLAYER
 10
4.1974999999999989
 20
4.3049999999999988
 30
0.0
 42
1.0
  0
VERTEX
  5
10BE
  8
TOPLAYER
 10
4.2024999999999988
 20
4.3049999999999988
 30
0.0
 42
1.0
  0
SEQEND
  5
10BF
  8
0
  0
POLYLINE
  5
10C0
  8
TOPLAYER
 66
     1
 10
0.0
 20
0.0
 30
0.0
 40
0.01
 41
0.01
 75
     8
  0
VERTEX
  5
10C1
  8
TOPLAYER
 10
3.9750000000000001
 20
3.855999999999999
 30
0.0
  0
VERTEX
  5
10C2
  8
TOPLAYER
 10
3.9750000000000001
 20
3.999881999999999
 30
0.0
  0
SEQEND
  5
10C3
  8
0
  0
POLYLINE
  5
10C4
  8
TOPLAYER
 66
     1
 10
0.0
 20
0.0
 30
0.0
 70
     1
 40
0.005
 41
0.005
 75
     8
  0
VERTEX
  5
10C5
  8
TOPLAYER
 10
3.9725000000000001
 20
3.855999999999999
 30
0.0
 42
1.0
  0
VERTEX
  5
10C6
  8
TOPLAYER
 10
3.9775
 20
3.855999999999999
 30
0.0
 42
1.0
  0
SEQEND
  5
10C7
  8
0
  0
POLYLINE
  5
10C8
  8
TOPLAYER
 66
     1
 10
0.0
 20
0.0
 30
0.0
 70
     1
 40
0.005
 41
0.005
 75
     8
  0
VERTEX
  5
10C9
  8
TOPLAYER
 10
3.9725000000000001
 20
3.999881999999999
 30
0.0
 42
1.0
  0
VERTEX
  5
10CA
  8
TOPLAYER
 10
3.9775
 20
3.999881999999999
 30
0.0
 42
1.0
  0
SEQEND
  5
10CB
  8
0
  0
POLYLINE
  5
10CC
  8
TOPLAYER
 66
     1
 10
0.0
 20
0.0
 30
0.0
 40
0.01
 41
0.01
 75
     8
  0
VERTEX
  5
10CD
  8
TOPLAYER
 10
3.9399999999999991
 20
3.8210000000000002
 30
0.0
  0
VERTEX
  5
10CE
  8
TOPLAYER
 10
3.9750000000000001
 20
3.855999999999999
 30
0.0
  0
SEQEND
  5
10CF
  8
0
  0
POLYLINE
  5
10D0
  8
TOPLAYER
 66
     1
 10
0.0
 20
0.0
 30
0.0
 70
     1
 40
0.005
 41
0.005
 75
     8
  0
VERTEX
  5
10D1
  8
TOPLAYER
 10
3.9375
 20
3.8210000000000002
 30
0.0
 42
1.0
  0
VERTEX
  5
10D2
  8
TOPLAYER
 10
3.942499999999999
 20
3.8210000000000002
 30
0.0
 42
1.0
  0
SEQEND
  5
10D3
  8
0
  0
POLYLINE
  5
10D4
  8
TOPLAYER
 66
     1
 10
0.0
 20
0.0
 30
0.0
 70
     1
 40
0.005
 41
0.005
 75
     8
  0
VERTEX
  5
10D5
  8
TOPLAYER
 10
3.9725000000000001
 20
3.855999999999999
 30
0.0
 42
1.0
  0
VERTEX
  5
10D6
  8
TOPLAYER
 10
3.9775
 20
3.855999999999999
 30
0.0
 42
1.0
  0
SEQEND
  5
10D7
  8
0
  0
POLYLINE
  5
10D8
  8
TOPLAYER
 66
     1
 10
0.0
 20
0.0
 30
0.0
 40
0.01
 41
0.01
 75
     8
  0
VERTEX
  5
10D9
  8
TOPLAYER
 10
3.6800000000000002
 20
3.8210000000000002
 30
0.0
  0
VERTEX
  5
10DA
  8
TOPLAYER
 10
3.9399999999999991
 20
3.8210000000000002
 30
0.0
  0
SEQEND
  5
10DB
  8
0
  0
POLYLINE
  5
10DC
  8
TOPLAYER
 66
     1
 10
0.0
 20
0.0
 30
0.0
 70
     1
 40
0.005
 41
0.005
 75
     8
  0
VERTEX
  5
10DD
  8
TOPLAYER
 10
3.6775000000000002
 20
3.8210000000000002
 30
0.0
 42
1.0
  0
VERTEX
  5
10DE
  8
TOPLAYER
 10
3.6825000000000001
 20
3.8210000000000002
 30
0.0
 42
1.0
  0
SEQEND
  5
10DF
  8
0
  0
POLYLINE
  5
10E0
  8
TOPLAYER
 66
     1
 10
0.0
 20
0.0
 30
0.0
 70
     1
 40
0.005
 41
0.005
 75
     8
  0
VERTEX
  5
10E1
  8
TOPLAYER
 10
3.9375
 20
3.8210000000000002
 30
0.0
 42
1.0
  0
VERTEX
  5
10E2
  8
TOPLAYER
 10
3.942499999999999
 20
3.8210000000000002
 30
0.0
 42
1.0
  0
SEQEND
  5
10E3
  8
0
  0
POLYLINE
  5
10E4
  8
TOPLAYER
 66
     1
 10
0.0
 20
0.0
 30
0.0
 40
0.01
 41
0.01
 75
     8
  0
VERTEX
  5
10E5
  8
TOPLAYER
 10
3.6269999999999989
 20
3.8740000000000001
 30
0.0
  0
VERTEX
  5
10E6
  8
TOPLAYER
 10
3.6800000000000002
 20
3.8210000000000002
 30
0.0
  0
SEQEND
  5
10E7
  8
0
  0
POLYLINE
  5
10E8
  8
TOPLAYER
 66
     1
 10
0.0
 20
0.0
 30
0.0
 70
     1
 40
0.005
 41
0.005
 75
     8
  0
VERTEX
  5
10E9
  8
TOPLAYER
 10
3.6244999999999989
 20
3.8740000000000001
 30
0.0
 42
1.0
  0
VERTEX
  5
10EA
  8
TOPLAYER
 10
3.6295000000000002
 20
3.8740000000000001
 30
0.0
 42
1.0
  0
SEQEND
  5
10EB
  8
0
  0
POLYLINE
  5
10EC
  8
TOPLAYER
 66
     1
 10
0.0
 20
0.0
 30
0.0
 70
     1
 40
0.005
 41
0.005
 75
     8
  0
VERTEX
  5
10ED
  8
TOPLAYER
 10
3.6775000000000002
 20
3.8210000000000002
 30
0.0
 42
1.0
  0
VERTEX
  5
10EE
  8
TOPLAYER
 10
3.6825000000000001
 20
3.8210000000000002
 30
0.0
 42
1.0
  0
SEQEND
  5
10EF
  8
0
  0
POLYLINE
  5
10F0
  8
TOPLAYER
 66
     1
 10
0.0
 20
0.0
 30
0.0
 40
0.01
 41
0.01
 75
     8
  0
VERTEX
  5
10F1
  8
TOPLAYER
 10
3.6269999999999989
 20
3.8740000000000001
 30
0.0
  0
VERTEX
  5
10F2
  8
TOPLAYER
 10
3.6269999999999989
 20
4.0730000000000004
 30
0.0
  0
SEQEND
  5
10F3
  8
0
  0
POLYLINE
  5
10F4
  8
TOPLAYER
 66
     1
 10
0.0
 20
0.0
 30
0.0
 70
     1
 40
0.005
 41
0.005
 75
     8
  0
VERTEX
  5
10F5
  8
TOPLAYER
 10
3.6244999999999989
 20
3.8740000000000001
 30
0.0
 42
1.0
  0
VERTEX
  5
10F6
  8
TOPLAYER
 10
3.6295000000000002
 20
3.8740000000000001
 30
0.0
 42
1.0
  0
SEQEND
  5
10F7
  8
0
  0
POLYLINE
  5
10F8
  8
TOPLAYER
 66
     1
 10
0.0
 20
0.0
 30
0.0
 70
     1
 40
0.005
 41
0.005
 75
     8
  0
VERTEX
  5
10F9
  8
TOPLAYER
 10
3.6244999999999989
 20
4.0730000000000004
 30
0.0
 42
1.0
  0
VERTEX
  5
10FA
  8
TOPLAYER
 10
3.6295000000000002
 20
4.0730000000000004
 30
0.0
 42
1.0
  0
SEQEND
  5
10FB
  8
0
  0
POLYLINE
  5
10FC
  8
TOPLAYER
 66
     1
 10
0.0
 20
0.0
 30
0.0
 40
0.01
 41
0.01
 75
     8
  0
VERTEX
  5
10FD
  8
TOPLAYER
 10
3.5499999999999989
 20
4.1500000000000004
 30
0.0
  0
VERTEX
  5
10FE
  8
TOPLAYER
 10
3.6269999999999989
 20
4.0730000000000004
 30
0.0
  0
SEQEND
  5
10FF
  8
0
  0
POLYLINE
  5
1100
  8
TOPLAYER
 66
     1
 10
0.0
 20
0.0
 30
0.0
 70
     1
 40
0.005
 41
0.005
 75
     8
  0
VERTEX
  5
1101
  8
TOPLAYER
 10
3.547499999999999
 20
4.1500000000000004
 30
0.0
 42
1.0
  0
VERTEX
  5
1102
  8
TOPLAYER
 10
3.5525000000000002
 20
4.1500000000000004
 30
0.0
 42
1.0
  0
SEQEND
  5
1103
  8
0
  0
POLYLINE
  5
1104
  8
TOPLAYER
 66
     1
 10
0.0
 20
0.0
 30
0.0
 70
     1
 40
0.005
 41
0.005
 75
     8
  0
VERTEX
  5
1105
  8
TOPLAYER
 10
3.6244999999999989
 20
4.0730000000000004
 30
0.0
 42
1.0
  0
VERTEX
  5
1106
  8
TOPLAYER
 10
3.6295000000000002
 20
4.0730000000000004
 30
0.0
 42
1.0
  0
SEQEND
  5
1107
  8
0
  0
POLYLINE
  5
1108
  8
BOTTOMLAYER
 66
     1
 10
0.0
 20
0.0
 30
0.0
 40
0.01
 41
0.01
 75
     8
  0
VERTEX
  5
1109
  8
BOTTOMLAYER
 10
2.4500000000000002
 20
4.1500000000000004
 30
0.0
  0
VERTEX
  5
110A
  8
BOTTOMLAYER
 10
2.8450000000000002
 20
4.1500000000000004
 30
0.0
  0
SEQEND
  5
110B
  8
0
  0
POLYLINE
  5
110C
  8
BOTTOMLAYER
 66
     1
 10
0.0
 20
0.0
 30
0.0
 70
     1
 40
0.005
 41
0.005
 75
     8
  0
VERTEX
  5
110D
  8
BOTTOMLAYER
 10
2.4474999999999989
 20
4.1500000000000004
 30
0.0
 42
1.0
  0
VERTEX
  5
110E
  8
BOTTOMLAYER
 10
2.4525000000000001
 20
4.1500000000000004
 30
0.0
 42
1.0
  0
SEQEND
  5
110F
  8
0
  0
POLYLINE
  5
1110
  8
BOTTOMLAYER
 66
     1
 10
0.0
 20
0.0
 30
0.0
 70
     1
 40
0.005
 41
0.005
 75
     8
  0
VERTEX
  5
1111
  8
BOTTOMLAYER
 10
2.8424999999999989
 20
4.1500000000000004
 30
0.0
 42
1.0
  0
VERTEX
  5
1112
  8
BOTTOMLAYER
 10
2.8475000000000001
 20
4.1500000000000004
 30
0.0
 42
1.0
  0
SEQEND
  5
1113
  8
0
  0
POLYLINE
  5
1114
  8
BOTTOMLAYER
 66
     1
 10
0.0
 20
0.0
 30
0.0
 40
0.01
 41
0.01
 75
     8
  0
VERTEX
  5
1115
  8
BOTTOMLAYER
 10
2.8450000000000002
 20
4.1500000000000004
 30
0.0
  0
VERTEX
  5
1116
  8
BOTTOMLAYER
 10
3.0
 20
4.3049999999999988
 30
0.0
  0
SEQEND
  5
1117
  8
0
  0
POLYLINE
  5
1118
  8
BOTTOMLAYER
 66
     1
 10
0.0
 20
0.0
 30
0.0
 70
     1
 40
0.005
 41
0.005
 75
     8
  0
VERTEX
  5
1119
  8
BOTTOMLAYER
 10
2.8424999999999989
 20
4.1500000000000004
 30
0.0
 42
1.0
  0
VERTEX
  5
111A
  8
BOTTOMLAYER
 10
2.8475000000000001
 20
4.1500000000000004
 30
0.0
 42
1.0
  0
SEQEND
  5
111B
  8
0
  0
POLYLINE
  5
111C
  8
BOTTOMLAYER
 66
     1
 10
0.0
 20
0.0
 30
0.0
 70
     1
 40
0.005
 41
0.005
 75
     8
  0
VERTEX
  5
111D
  8
BOTTOMLAYER
 10
2.9975000000000001
 20
4.3049999999999988
 30
0.0
 42
1.0
  0
VERTEX
  5
111E
  8
BOTTOMLAYER
 10
3.0024999999999991
 20
4.3049999999999988
 30
0.0
 42
1.0
  0
SEQEND
  5
111F
  8
0
  0
POLYLINE
  5
1120
  8
BOTTOMLAYER
 66
     1
 10
0.0
 20
0.0
 30
0.0
 40
0.01
 41
0.01
 75
     8
  0
VERTEX
  5
1121
  8
BOTTOMLAYER
 10
2.794999999999999
 20
4.2000000000000002
 30
0.0
  0
VERTEX
  5
1122
  8
BOTTOMLAYER
 10
2.8999999999999999
 20
4.3049999999999988
 30
0.0
  0
SEQEND
  5
1123
  8
0
  0
POLYLINE
  5
1124
  8
BOTTOMLAYER
 66
     1
 10
0.0
 20
0.0
 30
0.0
 70
     1
 40
0.005
 41
0.005
 75
     8
  0
VERTEX
  5
1125
  8
BOTTOMLAYER
 10
2.7924999999999991
 20
4.2000000000000002
 30
0.0
 42
1.0
  0
VERTEX
  5
1126
  8
BOTTOMLAYER
 10
2.797499999999999
 20
4.2000000000000002
 30
0.0
 42
1.0
  0
SEQEND
  5
1127
  8
0
  0
POLYLINE
  5
1128
  8
BOTTOMLAYER
 66
     1
 10
0.0
 20
0.0
 30
0.0
 70
     1
 40
0.005
 41
0.005
 75
     8
  0
VERTEX
  5
1129
  8
BOTTOMLAYER
 10
2.8974999999999991
 20
4.3049999999999988
 30
0.0
 42
1.0
  0
VERTEX
  5
112A
  8
BOTTOMLAYER
 10
2.902499999999999
 20
4.3049999999999988
 30
0.0
 42
1.0
  0
SEQEND
  5
112B
  8
0
  0
POLYLINE
  5
112C
  8
BOTTOMLAYER
 66
     1
 10
0.0
 20
0.0
 30
0.0
 40
0.01
 41
0.01
 75
     8
  0
VERTEX
  5
112D
  8
BOTTOMLAYER
 10
2.4249999999999989
 20
4.2000000000000002
 30
0.0
  0
VERTEX
  5
112E
  8
BOTTOMLAYER
 10
2.794999999999999
 20
4.2000000000000002
 30
0.0
  0
SEQEND
  5
112F
  8
0
  0
POLYLINE
  5
1130
  8
BOTTOMLAYER
 66
     1
 10
0.0
 20
0.0
 30
0.0
 70
     1
 40
0.005
 41
0.005
 75
     8
  0
VERTEX
  5
1131
  8
BOTTOMLAYER
 10
2.422499999999999
 20
4.2000000000000002
 30
0.0
 42
1.0
  0
VERTEX
  5
1132
  8
BOTTOMLAYER
 10
2.4275000000000002
 20
4.2000000000000002
 30
0.0
 42
1.0
  0
SEQEND
  5
1133
  8
0
  0
POLYLINE
  5
1134
  8
BOTTOMLAYER
 66
     1
 10
0.0
 20
0.0
 30
0.0
 70
     1
 40
0.005
 41
0.005
 75
     8
  0
VERTEX
  5
1135
  8
BOTTOMLAYER
 10
2.7924999999999991
 20
4.2000000000000002
 30
0.0
 42
1.0
  0
VERTEX
  5
1136
  8
BOTTOMLAYER
 10
2.797499999999999
 20
4.2000000000000002
 30
0.0
 42
1.0
  0
SEQEND
  5
1137
  8
0
  0
POLYLINE
  5
1138
  8
BOTTOMLAYER
 66
     1
 10
0.0
 20
0.0
 30
0.0
 40
0.01
 41
0.01
 75
     8
  0
VERTEX
  5
1139
  8
BOTTOMLAYER
 10
2.4049999999999989
 20
4.1799999999999988
 30
0.0
  0
VERTEX
  5
113A
  8
BOTTOMLAYER
 10
2.4249999999999989
 20
4.2000000000000002
 30
0.0
  0
SEQEND
  5
113B
  8
0
  0
POLYLINE
  5
113C
  8
BOTTOMLAYER
 66
     1
 10
0.0
 20
0.0
 30
0.0
 70
     1
 40
0.005
 41
0.005
 75
     8
  0
VERTEX
  5
113D
  8
BOTTOMLAYER
 10
2.402499999999999
 20
4.1799999999999988
 30
0.0
 42
1.0
  0
VERTEX
  5
113E
  8
BOTTOMLAYER
 10
2.4075000000000002
 20
4.1799999999999988
 30
0.0
 42
1.0
  0
SEQEND
  5
113F
  8
0
  0
POLYLINE
  5
1140
  8
BOTTOMLAYER
 66
     1
 10
0.0
 20
0.0
 30
0.0
 70
     1
 40
0.005
 41
0.005
 75
     8
  0
VERTEX
  5
1141
  8
BOTTOMLAYER
 10
2.422499999999999
 20
4.2000000000000002
 30
0.0
 42
1.0
  0
VERTEX
  5
1142
  8
BOTTOMLAYER
 10
2.4275000000000002
 20
4.2000000000000002
 30
0.0
 42
1.0
  0
SEQEND
  5
1143
  8
0
  0
POLYLINE
  5
1144
  8
BOTTOMLAYER
 66
     1
 10
0.0
 20
0.0
 30
0.0
 40
0.01
 41
0.01
 75
     8
  0
VERTEX
  5
1145
  8
BOTTOMLAYER
 10
2.4049999999999989
 20
4.004999999999999
 30
0.0
  0
VERTEX
  5
1146
  8
BOTTOMLAYER
 10
2.4049999999999989
 20
4.1799999999999988
 30
0.0
  0
SEQEND
  5
1147
  8
0
  0
POLYLINE
  5
1148
  8
BOTTOMLAYER
 66
     1
 10
0.0
 20
0.0
 30
0.0
 70
     1
 40
0.005
 41
0.005
 75
     8
  0
VERTEX
  5
1149
  8
BOTTOMLAYER
 10
2.402499999999999
 20
4.004999999999999
 30
0.0
 42
1.0
  0
VERTEX
  5
114A
  8
BOTTOMLAYER
 10
2.4075000000000002
 20
4.004999999999999
 30
0.0
 42
1.0
  0
SEQEND
  5
114B
  8
0
  0
POLYLINE
  5
114C
  8
BOTTOMLAYER
 66
     1
 10
0.0
 20
0.0
 30
0.0
 70
     1
 40
0.005
 41
0.005
 75
     8
  0
VERTEX
  5
114D
  8
BOTTOMLAYER
 10
2.402499999999999
 20
4.1799999999999988
 30
0.0
 42
1.0
  0
VERTEX
  5
114E
  8
BOTTOMLAYER
 10
2.4075000000000002
 20
4.1799999999999988
 30
0.0
 42
1.0
  0
SEQEND
  5
114F
  8
0
  0
POLYLINE
  5
1150
  8
BOTTOMLAYER
 66
     1
 10
0.0
 20
0.0
 30
0.0
 40
0.01
 41
0.01
 75
     8
  0
VERTEX
  5
1151
  8
BOTTOMLAYER
 10
2.25
 20
3.8500000000000001
 30
0.0
  0
VERTEX
  5
1152
  8
BOTTOMLAYER
 10
2.4049999999999989
 20
4.004999999999999
 30
0.0
  0
SEQEND
  5
1153
  8
0
  0
POLYLINE
  5
1154
  8
BOTTOMLAYER
 66
     1
 10
0.0
 20
0.0
 30
0.0
 70
     1
 40
0.005
 41
0.005
 75
     8
  0
VERTEX
  5
1155
  8
BOTTOMLAYER
 10
2.2475000000000001
 20
3.8500000000000001
 30
0.0
 42
1.0
  0
VERTEX
  5
1156
  8
BOTTOMLAYER
 10
2.2524999999999991
 20
3.8500000000000001
 30
0.0
 42
1.0
  0
SEQEND
  5
1157
  8
0
  0
POLYLINE
  5
1158
  8
BOTTOMLAYER
 66
     1
 10
0.0
 20
0.0
 30
0.0
 70
     1
 40
0.005
 41
0.005
 75
     8
  0
VERTEX
  5
1159
  8
BOTTOMLAYER
 10
2.402499999999999
 20
4.004999999999999
 30
0.0
 42
1.0
  0
VERTEX
  5
115A
  8
BOTTOMLAYER
 10
2.4075000000000002
 20
4.004999999999999
 30
0.0
 42
1.0
  0
SEQEND
  5
115B
  8
0
  0
POLYLINE
  5
115C
  8
BOTTOMLAYER
 66
     1
 10
0.0
 20
0.0
 30
0.0
 40
0.01
 41
0.01
 75
     8
  0
VERTEX
  5
115D
  8
BOTTOMLAYER
 10
3.8500000000000001
 20
4.3550000000000004
 30
0.0
  0
VERTEX
  5
115E
  8
BOTTOMLAYER
 10
3.8999999999999999
 20
4.3049999999999988
 30
0.0
  0
SEQEND
  5
115F
  8
0
  0
POLYLINE
  5
1160
  8
BOTTOMLAYER
 66
     1
 10
0.0
 20
0.0
 30
0.0
 70
     1
 40
0.005
 41
0.005
 75
     8
  0
VERTEX
  5
1161
  8
BOTTOMLAYER
 10
3.8475000000000001
 20
4.3550000000000004
 30
0.0
 42
1.0
  0
VERTEX
  5
1162
  8
BOTTOMLAYER
 10
3.8525
 20
4.3550000000000004
 30
0.0
 42
1.0
  0
SEQEND
  5
1163
  8
0
  0
POLYLINE
  5
1164
  8
BOTTOMLAYER
 66
     1
 10
0.0
 20
0.0
 30
0.0
 70
     1
 40
0.005
 41
0.005
 75
     8
  0
VERTEX
  5
1165
  8
BOTTOMLAYER
 10
3.8974999999999991
 20
4.3049999999999988
 30
0.0
 42
1.0
  0
VERTEX
  5
1166
  8
BOTTOMLAYER
 10
3.902499999999999
 20
4.3049999999999988
 30
0.0
 42
1.0
  0
SEQEND
  5
1167
  8
0
  0
POLYLINE
  5
1168
  8
BOTTOMLAYER
 66
     1
 10
0.0
 20
0.0
 30
0.0
 40
0.01
 41
0.01
 75
     8
  0
VERTEX
  5
1169
  8
BOTTOMLAYER
 10
3.6600000000000001
 20
4.3550000000000004
 30
0.0
  0
VERTEX
  5
116A
  8
BOTTOMLAYER
 10
3.8500000000000001
 20
4.3550000000000004
 30
0.0
  0
SEQEND
  5
116B
  8
0
  0
POLYLINE
  5
116C
  8
BOTTOMLAYER
 66
     1
 10
0.0
 20
0.0
 30
0.0
 70
     1
 40
0.005
 41
0.005
 75
     8
  0
VERTEX
  5
116D
  8
BOTTOMLAYER
 10
3.6575000000000002
 20
4.3550000000000004
 30
0.0
 42
1.0
  0
VERTEX
  5
116E
  8
BOTTOMLAYER
 10
3.6625000000000001
 20
4.3550000000000004
 30
0.0
 42
1.0
  0
SEQEND
  5
116F
  8
0
  0
POLYLINE
  5
1170
  8
BOTTOMLAYER
 66
     1
 10
0.0
 20
0.0
 30
0.0
 70
     1
 40
0.005
 41
0.005
 75
     8
  0
VERTEX
  5
1171
  8
BOTTOMLAYER
 10
3.8475000000000001
 20
4.3550000000000004
 30
0.0
 42
1.0
  0
VERTEX
  5
1172
  8
BOTTOMLAYER
 10
3.8525
 20
4.3550000000000004
 30
0.0
 42
1.0
  0
SEQEND
  5
1173
  8
0
  0
POLYLINE
  5
1174
  8
BOTTOMLAYER
 66
     1
 10
0.0
 20
0.0
 30
0.0
 40
0.01
 41
0.01
 75
     8
  0
VERTEX
  5
1175
  8
BOTTOMLAYER
 10
3.649999999999999
 20
4.3449999999999989
 30
0.0
  0
VERTEX
  5
1176
  8
BOTTOMLAYER
 10
3.6600000000000001
 20
4.3550000000000004
 30
0.0
  0
SEQEND
  5
1177
  8
0
  0
POLYLINE
  5
1178
  8
BOTTOMLAYER
 66
     1
 10
0.0
 20
0.0
 30
0.0
 70
     1
 40
0.005
 41
0.005
 75
     8
  0
VERTEX
  5
1179
  8
BOTTOMLAYER
 10
3.6474999999999991
 20
4.3449999999999989
 30
0.0
 42
1.0
  0
VERTEX
  5
117A
  8
BOTTOMLAYER
 10
3.652499999999999
 20
4.3449999999999989
 30
0.0
 42
1.0
  0
SEQEND
  5
117B
  8
0
  0
POLYLINE
  5
117C
  8
BOTTOMLAYER
 66
     1
 10
0.0
 20
0.0
 30
0.0
 70
     1
 40
0.005
 41
0.005
 75
     8
  0
VERTEX
  5
117D
  8
BOTTOMLAYER
 10
3.6575000000000002
 20
4.3550000000000004
 30
0.0
 42
1.0
  0
VERTEX
  5
117E
  8
BOTTOMLAYER
 10
3.6625000000000001
 20
4.3550000000000004
 30
0.0
 42
1.0
  0
SEQEND
  5
117F
  8
0
  0
POLYLINE
  5
1180
  8
BOTTOMLAYER
 66
     1
 10
0.0
 20
0.0
 30
0.0
 40
0.01
 41
0.01
 75
     8
  0
VERTEX
  5
1181
  8
BOTTOMLAYER
 10
3.649999999999999
 20
4.1500000000000004
 30
0.0
  0
VERTEX
  5
1182
  8
BOTTOMLAYER
 10
3.649999999999999
 20
4.3449999999999989
 30
0.0
  0
SEQEND
  5
1183
  8
0
  0
POLYLINE
  5
1184
  8
BOTTOMLAYER
 66
     1
 10
0.0
 20
0.0
 30
0.0
 70
     1
 40
0.005
 41
0.005
 75
     8
  0
VERTEX
  5
1185
  8
BOTTOMLAYER
 10
3.6474999999999991
 20
4.1500000000000004
 30
0.0
 42
1.0
  0
VERTEX
  5
1186
  8
BOTTOMLAYER
 10
3.652499999999999
 20
4.1500000000000004
 30
0.0
 42
1.0
  0
SEQEND
  5
1187
  8
0
  0
POLYLINE
  5
1188
  8
BOTTOMLAYER
 66
     1
 10
0.0
 20
0.0
 30
0.0
 70
     1
 40
0.005
 41
0.005
 75
     8
  0
VERTEX
  5
1189
  8
BOTTOMLAYER
 10
3.6474999999999991
 20
4.3449999999999989
 30
0.0
 42
1.0
  0
VERTEX
  5
118A
  8
BOTTOMLAYER
 10
3.652499999999999
 20
4.3449999999999989
 30
0.0
 42
1.0
  0
SEQEND
  5
118B
  8
0
  0
POLYLINE
  5
118C
  8
BOTTOMLAYER
 66
     1
 10
0.0
 20
0.0
 30
0.0
 40
0.01
 41
0.01
 75
     8
  0
VERTEX
  5
118D
  8
BOTTOMLAYER
 10
3.3500000000000001
 20
3.8500000000000001
 30
0.0
  0
VERTEX
  5
118E
  8
BOTTOMLAYER
 10
3.649999999999999
 20
4.1500000000000004
 30
0.0
  0
SEQEND
  5
118F
  8
0
  0
POLYLINE
  5
1190
  8
BOTTOMLAYER
 66
     1
 10
0.0
 20
0.0
 30
0.0
 70
     1
 40
0.005
 41
0.005
 75
     8
  0
VERTEX
  5
1191
  8
BOTTOMLAYER
 10
3.3475000000000001
 20
3.8500000000000001
 30
0.0
 42
1.0
  0
VERTEX
  5
1192
  8
BOTTOMLAYER
 10
3.3525
 20
3.8500000000000001
 30
0.0
 42
1.0
  0
SEQEND
  5
1193
  8
0
  0
POLYLINE
  5
1194
  8
BOTTOMLAYER
 66
     1
 10
0.0
 20
0.0
 30
0.0
 70
     1
 40
0.005
 41
0.005
 75
     8
  0
VERTEX
  5
1195
  8
BOTTOMLAYER
 10
3.6474999999999991
 20
4.1500000000000004
 30
0.0
 42
1.0
  0
VERTEX
  5
1196
  8
BOTTOMLAYER
 10
3.652499999999999
 20
4.1500000000000004
 30
0.0
 42
1.0
  0
SEQEND
  5
1197
  8
0
  0
POLYLINE
  5
1198
  8
TOPLAYER
 66
     1
 10
0.0
 20
0.0
 30
0.0
 70
     1
 40
0.0885827
 41
0.0885827
 75
     8
  0
VERTEX
  5
1199
  8
TOPLAYER
 10
4.405708699999999
 20
3.6000000000000001
 30
0.0
 42
1.0
  0
VERTEX
  5
119A
  8
TOPLAYER
 10
4.4942913000000004
 20
3.6000000000000001
 30
0.0
 42
1.0
  0
SEQEND
  5
119B
  8
0
  0
POLYLINE
  5
119C
  8
BOTTOMLAYER
 66
     1
 10
0.0
 20
0.0
 30
0.0
 70
     1
 40
0.0885827
 41
0.0885827
 75
     8
  0
VERTEX
  5
119D
  8
BOTTOMLAYER
 10
4.405708699999999
 20
3.6000000000000001
 30
0.0
 42
1.0
  0
VERTEX
  5
119E
  8
BOTTOMLAYER
 10
4.4942913000000004
 20
3.6000000000000001
 30
0.0
 42
1.0
  0
SEQEND
  5
119F
  8
0
  0
POLYLINE
  5
11A0
  8
TOPSOLDER
 66
     1
 10
0.0
 20
0.0
 30
0.0
 70
     1
 40
0.0925827
 41
0.0925827
 75
     8
  0
VERTEX
  5
11A1
  8
TOPSOLDER
 10
4.4037087000000001
 20
3.6000000000000001
 30
0.0
 42
1.0
  0
VERTEX
  5
11A2
  8
TOPSOLDER
 10
4.4962913000000002
 20
3.6000000000000001
 30
0.0
 42
1.0
  0
SEQEND
  5
11A3
  8
0
  0
POLYLINE
  5
11A4
  8
BOTTOMSOLDER
 66
     1
 10
0.0
 20
0.0
 30
0.0
 70
     1
 40
0.0925827
 41
0.0925827
 75
     8
  0
VERTEX
  5
11A5
  8
BOTTOMSOLDER
 10
4.4037087000000001
 20
3.6000000000000001
 30
0.0
 42
1.0
  0
VERTEX
  5
11A6
  8
BOTTOMSOLDER
 10
4.4962913000000002
 20
3.6000000000000001
 30
0.0
 42
1.0
  0
SEQEND
  5
11A7
  8
0
  0
POLYLINE
  5
11A8
  8
MULTILAYER
 66
     1
 10
0.0
 20
0.0
 30
0.0
 70
     1
 40
0.0885827
 41
0.0885827
 75
     8
  0
VERTEX
  5
11A9
  8
MULTILAYER
 10
4.405708699999999
 20
3.6000000000000001
 30
0.0
 42
1.0
  0
VERTEX
  5
11AA
  8
MULTILAYER
 10
4.4942913000000004
 20
3.6000000000000001
 30
0.0
 42
1.0
  0
SEQEND
  5
11AB
  8
0
  0
POLYLINE
  5
11AC
  8
TOPLAYER
 66
     1
 10
0.0
 20
0.0
 30
0.0
 70
     1
 40
0.0885827
 41
0.0885827
 75
     8
  0
VERTEX
  5
11AD
  8
TOPLAYER
 10
3.3057086999999989
 20
3.6000000000000001
 30
0.0
 42
1.0
  0
VERTEX
  5
11AE
  8
TOPLAYER
 10
3.394291299999999
 20
3.6000000000000001
 30
0.0
 42
1.0
  0
SEQEND
  5
11AF
  8
0
  0
POLYLINE
  5
11B0
  8
BOTTOMLAYER
 66
     1
 10
0.0
 20
0.0
 30
0.0
 70
     1
 40
0.0885827
 41
0.0885827
 75
     8
  0
VERTEX
  5
11B1
  8
BOTTOMLAYER
 10
3.3057086999999989
 20
3.6000000000000001
 30
0.0
 42
1.0
  0
VERTEX
  5
11B2
  8
BOTTOMLAYER
 10
3.394291299999999
 20
3.6000000000000001
 30
0.0
 42
1.0
  0
SEQEND
  5
11B3
  8
0
  0
POLYLINE
  5
11B4
  8
TOPSOLDER
 66
     1
 10
0.0
 20
0.0
 30
0.0
 70
     1
 40
0.0925827
 41
0.0925827
 75
     8
  0
VERTEX
  5
11B5
  8
TOPSOLDER
 10
3.3037087000000001
 20
3.6000000000000001
 30
0.0
 42
1.0
  0
VERTEX
  5
11B6
  8
TOPSOLDER
 10
3.3962913000000001
 20
3.6000000000000001
 30
0.0
 42
1.0
  0
SEQEND
  5
11B7
  8
0
  0
POLYLINE
  5
11B8
  8
BOTTOMSOLDER
 66
     1
 10
0.0
 20
0.0
 30
0.0
 70
     1
 40
0.0925827
 41
0.0925827
 75
     8
  0
VERTEX
  5
11B9
  8
BOTTOMSOLDER
 10
3.3037087000000001
 20
3.6000000000000001
 30
0.0
 42
1.0
  0
VERTEX
  5
11BA
  8
BOTTOMSOLDER
 10
3.3962913000000001
 20
3.6000000000000001
 30
0.0
 42
1.0
  0
SEQEND
  5
11BB
  8
0
  0
POLYLINE
  5
11BC
  8
MULTILAYER
 66
     1
 10
0.0
 20
0.0
 30
0.0
 70
     1
 40
0.0885827
 41
0.0885827
 75
     8
  0
VERTEX
  5
11BD
  8
MULTILAYER
 10
3.3057086999999989
 20
3.6000000000000001
 30
0.0
 42
1.0
  0
VERTEX
  5
11BE
  8
MULTILAYER
 10
3.394291299999999
 20
3.6000000000000001
 30
0.0
 42
1.0
  0
SEQEND
  5
11BF
  8
0
  0
POLYLINE
  5
11C0
  8
TOPLAYER
 66
     1
 10
0.0
 20
0.0
 30
0.0
 70
     1
 40
0.0885827
 41
0.0885827
 75
     8
  0
VERTEX
  5
11C1
  8
TOPLAYER
 10
2.2057087000000002
 20
3.6000000000000001
 30
0.0
 42
1.0
  0
VERTEX
  5
11C2
  8
TOPLAYER
 10
2.2942912999999989
 20
3.6000000000000001
 30
0.0
 42
1.0
  0
SEQEND
  5
11C3
  8
0
  0
POLYLINE
  5
11C4
  8
BOTTOMLAYER
 66
     1
 10
0.0
 20
0.0
 30
0.0
 70
     1
 40
0.0885827
 41
0.0885827
 75
     8
  0
VERTEX
  5
11C5
  8
BOTTOMLAYER
 10
2.2057087000000002
 20
3.6000000000000001
 30
0.0
 42
1.0
  0
VERTEX
  5
11C6
  8
BOTTOMLAYER
 10
2.2942912999999989
 20
3.6000000000000001
 30
0.0
 42
1.0
  0
SEQEND
  5
11C7
  8
0
  0
POLYLINE
  5
11C8
  8
TOPSOLDER
 66
     1
 10
0.0
 20
0.0
 30
0.0
 70
     1
 40
0.0925827
 41
0.0925827
 75
     8
  0
VERTEX
  5
11C9
  8
TOPSOLDER
 10
2.2037086999999991
 20
3.6000000000000001
 30
0.0
 42
1.0
  0
VERTEX
  5
11CA
  8
TOPSOLDER
 10
2.2962913
 20
3.6000000000000001
 30
0.0
 42
1.0
  0
SEQEND
  5
11CB
  8
0
  0
POLYLINE
  5
11CC
  8
BOTTOMSOLDER
 66
     1
 10
0.0
 20
0.0
 30
0.0
 70
     1
 40
0.0925827
 41
0.0925827
 75
     8
  0
VERTEX
  5
11CD
  8
BOTTOMSOLDER
 10
2.2037086999999991
 20
3.6000000000000001
 30
0.0
 42
1.0
  0
VERTEX
  5
11CE
  8
BOTTOMSOLDER
 10
2.2962913
 20
3.6000000000000001
 30
0.0
 42
1.0
  0
SEQEND
  5
11CF
  8
0
  0
POLYLINE
  5
11D0
  8
MULTILAYER
 66
     1
 10
0.0
 20
0.0
 30
0.0
 70
     1
 40
0.0885827
 41
0.0885827
 75
     8
  0
VERTEX
  5
11D1
  8
MULTILAYER
 10
2.2057087000000002
 20
3.6000000000000001
 30
0.0
 42
1.0
  0
VERTEX
  5
11D2
  8
MULTILAYER
 10
2.2942912999999989
 20
3.6000000000000001
 30
0.0
 42
1.0
  0
SEQEND
  5
11D3
  8
0
  0
TEXT
  5
11D4
  8
TOPLAYER
 10
2.8300000000000001
 20
4.4100000000000001
 30
0.0
 40
0.06
  1
(c) Staerz / Gfall
  0
TEXT
  5
11D5
  8
TOPLAYER
 10
4.379999999999999
 20
4.0350000000000001
 30
0.0
 40
0.06
  1
TOP
  0
TEXT
  5
11D6
  8
BOTTOMLAYER
 10
3.8100000000000001
 20
4.4100000000000001
 30
0.0
 40
0.06
  1
(c) Staerz / Gfall
 71
     2
  0
TEXT
  5
11D7
  8
BOTTOMLAYER
 10
2.3700000000000001
 20
4.2699999999999987
 30
0.0
 40
0.06
  1
P1
 71
     2
  0
TEXT
  5
11D8
  8
BOTTOMLAYER
 10
4.4299999999999988
 20
4.2699999999999987
 30
0.0
 40
0.06
  1
P2
 71
     2
  0
TEXT
  5
11D9
  8
BOTTOMLAYER
 10
4.54
 20
4.0350000000000001
 30
0.0
 40
0.06
  1
BOT
 71
     2
  0
TEXT
  5
11DA
  8
TOPOVERLAY
 10
2.8300000000000001
 20
4.4100000000000001
 30
0.0
 40
0.06
  1
(c) Staerz / Gfall
  0
INSERT
  5
11DB
  8
0
  2
RES400_RES400_P________1
 10
3.149999999999999
 20
4.1500000000000004
 30
0.0
  0
TEXT
  5
11DC
  8
TOPOVERLAY
 10
3.6135000000000002
 20
4.1955
 30
0.0
 40
0.06
  1
R2
 50
269.9999999999763
  0
INSERT
  5
11DD
  8
0
  2
RES400_RES400_P________2
 10
2.0499999999999989
 20
4.1500000000000004
 30
0.0
  0
TEXT
  5
11DE
  8
TOPOVERLAY
 10
2.5135000000000001
 20
4.1955
 30
0.0
 40
0.06
  1
R1
 50
269.9999999999763
  0
INSERT
  5
11DF
  8
0
  2
LED100_1_LED_3MM___P_____2
 10
2.25
 20
3.9500000000000002
 30
0.0
  0
TEXT
  5
11E0
  8
TOPOVERLAY
 10
2.1899999999999991
 20
3.7200000000000002
 30
0.0
 40
0.06
  1
VD1
  0
INSERT
  5
11E1
  8
0
  2
LED100_1_LED_3MM___P_____3
 10
3.3500000000000001
 20
3.9500000000000002
 30
0.0
  0
TEXT
  5
11E2
  8
TOPOVERLAY
 10
3.27
 20
3.7200000000000002
 30
0.0
 40
0.06
  1
VD2
  0
INSERT
  5
11E3
  8
0
  2
95003_6881_5
 10
2.7999999999999989
 20
3.8050000000000002
 30
0.0
  0
TEXT
  5
11E4
  8
TOPOVERLAY
 10
2.3700000000000001
 20
3.9350000000000001
 30
0.0
 40
0.06
  1
J1
  0
INSERT
  5
11E5
  8
0
  2
95003_6881_6
 10
3.8999999999999999
 20
3.8050000000000002
 30
0.0
  0
TEXT
  5
11E6
  8
TOPOVERLAY
 10
3.4599999999999991
 20
3.9550000000000001
 30
0.0
 40
0.06
  1
J2
  0
INSERT
  5
11E7
  8
0
  2
HDR1X8_7
 10
2.5
 20
4.3049999999999988
 30
0.0
  0
TEXT
  5
11E8
  8
TOPOVERLAY
 10
2.2999999999999989
 20
4.2750000000000004
 30
0.0
 40
0.06
  1
P1
  0
INSERT
  5
11E9
  8
0
  2
HDR1X8_8
 10
3.5
 20
4.3049999999999988
 30
0.0
  0
TEXT
  5
11EA
  8
TOPOVERLAY
 10
4.339999999999999
 20
4.2750000000000004
 30
0.0
 40
0.06
  1
P2
  0
ENDBLK
  5
11EC
  8
0
  0
ENDSEC
  0
SECTION
  2
ENTITIES
  0
POLYLINE
  5
22D
  8
0
 62
     1
 66
     1
 10
0.0
 20
0.0
 30
0.0
 40
0.5709741258588814
 41
0.5709741258588814
  0
VERTEX
  5
1267
  8
0
 62
     1
 10
220.10387348418399
 20
114.1026083252946
 30
0.0
  0
VERTEX
  5
1268
  8
0
 62
     1
 10
227.19719924455421
 20
114.2094946816555
 30
0.0
  0
SEQEND
  5
1269
  8
0
 62
     1
  0
POLYLINE
  5
22E
  8
0
 62
     1
 66
     1
 10
0.0
 20
0.0
 30
0.0
 70
     1
 40
0.2854870629294407
 41
0.2854870629294407
  0
VERTEX
  5
126A
  8
0
 62
     1
 10
219.9611299527194
 20
114.1026083252946
 30
0.0
 42
1.0
  0
VERTEX
  5
126B
  8
0
 62
     1
 10
220.2466170156487
 20
114.1026083252946
 30
0.0
 42
1.0
  0
SEQEND
  5
126C
  8
0
 62
     1
  0
POLYLINE
  5
22F
  8
0
 62
     1
 66
     1
 10
0.0
 20
0.0
 30
0.0
 70
     1
 40
0.2854870629294407
 41
0.2854870629294407
  0
VERTEX
  5
126D
  8
0
 62
     1
 10
227.05445571308931
 20
114.2094946816555
 30
0.0
 42
1.0
  0
VERTEX
  5
126E
  8
0
 62
     1
 10
227.3399427760188
 20
114.2094946816555
 30
0.0
 42
1.0
  0
SEQEND
  5
126F
  8
0
 62
     1
  0
POLYLINE
  5
230
  8
0
 62
     1
 66
     1
 10
0.0
 20
0.0
 30
0.0
 40
0.5709741258588814
 41
0.5709741258588814
  0
VERTEX
  5
1270
  8
0
 62
     1
 10
229.21639214324159
 20
114.2398705051512
 30
0.0
  0
VERTEX
  5
1271
  8
0
 62
     1
 10
236.43784449745419
 20
114.348812368365
 30
0.0
  0
SEQEND
  5
1272
  8
0
 62
     1
  0
POLYLINE
  5
231
  8
0
 62
     1
 66
     1
 10
0.0
 20
0.0
 30
0.0
 70
     1
 40
0.2854870629294407
 41
0.2854870629294407
  0
VERTEX
  5
1273
  8
0
 62
     1
 10
229.0736486117768
 20
114.2398705051512
 30
0.0
 42
1.0
  0
VERTEX
  5
1274
  8
0
 62
     1
 10
229.35913567470621
 20
114.2398705051512
 30
0.0
 42
1.0
  0
SEQEND
  5
1275
  8
0
 62
     1
  0
POLYLINE
  5
232
  8
0
 62
     1
 66
     1
 10
0.0
 20
0.0
 30
0.0
 70
     1
 40
0.2854870629294407
 41
0.2854870629294407
  0
VERTEX
  5
1276
  8
0
 62
     1
 10
236.29510096598949
 20
114.348812368365
 30
0.0
 42
1.0
  0
VERTEX
  5
1277
  8
0
 62
     1
 10
236.58058802891901
 20
114.348812368365
 30
0.0
 42
1.0
  0
SEQEND
  5
1278
  8
0
 62
     1
  0
POLYLINE
  5
233
  8
0
 62
     1
 66
     1
 10
0.0
 20
0.0
 30
0.0
 40
0.5709741258588814
 41
0.5709741258588814
  0
VERTEX
  5
1279
  8
0
 62
     1
 10
238.3898908389404
 20
114.3782746332593
 30
0.0
  0
VERTEX
  5
127A
  8
0
 62
     1
 10
245.33270781973411
 20
114.4831054827671
 30
0.0
  0
SEQEND
  5
127B
  8
0
 62
     1
  0
POLYLINE
  5
234
  8
0
 62
     1
 66
     1
 10
0.0
 20
0.0
 30
0.0
 70
     1
 40
0.2854870629294407
 41
0.2854870629294407
  0
VERTEX
  5
127C
  8
0
 62
     1
 10
238.2471473074759
 20
114.3782746332593
 30
0.0
 42
1.0
  0
VERTEX
  5
127D
  8
0
 62
     1
 10
238.53263437040539
 20
114.3782746332593
 30
0.0
 42
1.0
  0
SEQEND
  5
127E
  8
0
 62
     1
  0
POLYLINE
  5
235
  8
0
 62
     1
 66
     1
 10
0.0
 20
0.0
 30
0.0
 70
     1
 40
0.2854870629294407
 41
0.2854870629294407
  0
VERTEX
  5
127F
  8
0
 62
     1
 10
245.18996428826949
 20
114.4831054827671
 30
0.0
 42
1.0
  0
VERTEX
  5
1280
  8
0
 62
     1
 10
245.47545135119901
 20
114.4831054827671
 30
0.0
 42
1.0
  0
SEQEND
  5
1281
  8
0
 62
     1
  0
POLYLINE
  5
236
  8
0
 62
     1
 66
     1
 10
0.0
 20
0.0
 30
0.0
 40
0.5709741258588814
 41
0.5709741258588814
  0
VERTEX
  5
1282
  8
0
 62
     1
 10
220.09610823607241
 20
116.9362387171072
 30
0.0
  0
VERTEX
  5
1283
  8
0
 62
     1
 10
227.18715009993889
 20
116.81724770927811
 30
0.0
  0
SEQEND
  5
1284
  8
0
 62
     1
  0
POLYLINE
  5
237
  8
0
 62
     1
 66
     1
 10
0.0
 20
0.0
 30
0.0
 70
     1
 40
0.2854870629294407
 41
0.2854870629294407
  0
VERTEX
  5
1285
  8
0
 62
     1
 10
219.95336470460759
 20
116.9362387171072
 30
0.0
 42
1.0
  0
VERTEX
  5
1286
  8
0
 62
     1
 10
220.23885176753711
 20
116.9362387171072
 30
0.0
 42
1.0
  0
SEQEND
  5
1287
  8
0
 62
     1
  0
POLYLINE
  5
238
  8
0
 62
     1
 66
     1
 10
0.0
 20
0.0
 30
0.0
 70
     1
 40
0.2854870629294407
 41
0.2854870629294407
  0
VERTEX
  5
1288
  8
0
 62
     1
 10
227.0444065684743
 20
116.81724770927811
 30
0.0
 42
1.0
  0
VERTEX
  5
1289
  8
0
 62
     1
 10
227.32989363140379
 20
116.81724770927811
 30
0.0
 42
1.0
  0
SEQEND
  5
128A
  8
0
 62
     1
  0
POLYLINE
  5
239
  8
0
 62
     1
 66
     1
 10
0.0
 20
0.0
 30
0.0
 40
0.5709741258588814
 41
0.5709741258588814
  0
VERTEX
  5
128B
  8
0
 62
     1
 10
229.205429440025
 20
116.7834460410273
 30
0.0
  0
VERTEX
  5
128C
  8
0
 62
     1
 10
236.42231400123089
 20
116.6623995263452
 30
0.0
  0
SEQEND
  5
128D
  8
0
 62
     1
  0
POLYLINE
  5
23A
  8
0
 62
     1
 66
     1
 10
0.0
 20
0.0
 30
0.0
 70
     1
 40
0.2854870629294407
 41
0.2854870629294407
  0
VERTEX
  5
128E
  8
0
 62
     1
 10
229.06268590856021
 20
116.7834460410273
 30
0.0
 42
1.0
  0
VERTEX
  5
128F
  8
0
 62
     1
 10
229.3481729714897
 20
116.7834460410273
 30
0.0
 42
1.0
  0
SEQEND
  5
1290
  8
0
 62
     1
  0
POLYLINE
  5
23B
  8
0
 62
     1
 66
     1
 10
0.0
 20
0.0
 30
0.0
 70
     1
 40
0.2854870629294407
 41
0.2854870629294407
  0
VERTEX
  5
1291
  8
0
 62
     1
 10
236.27957046976621
 20
116.6623995263452
 30
0.0
 42
1.0
  0
VERTEX
  5
1292
  8
0
 62
     1
 10
236.5650575326955
 20
116.6623995263452
 30
0.0
 42
1.0
  0
SEQEND
  5
1293
  8
0
 62
     1
  0
POLYLINE
  5
23C
  8
0
 62
     1
 66
     1
 10
0.0
 20
0.0
 30
0.0
 40
0.5709741258588814
 41
0.5709741258588814
  0
VERTEX
  5
1294
  8
0
 62
     1
 10
238.37230483586421
 20
116.629739806346
 30
0.0
  0
VERTEX
  5
1295
  8
0
 62
     1
 10
245.29662225498001
 20
116.5134894743214
 30
0.0
  0
SEQEND
  5
1296
  8
0
 62
     1
  0
POLYLINE
  5
23D
  8
0
 62
     1
 66
     1
 10
0.0
 20
0.0
 30
0.0
 70
     1
 40
0.2854870629294407
 41
0.2854870629294407
  0
VERTEX
  5
1297
  8
0
 62
     1
 10
238.22956130439951
 20
116.629739806346
 30
0.0
 42
1.0
  0
VERTEX
  5
1298
  8
0
 62
     1
 10
238.5150483673288
 20
116.629739806346
 30
0.0
 42
1.0
  0
SEQEND
  5
1299
  8
0
 62
     1
  0
POLYLINE
  5
23E
  8
0
 62
     1
 66
     1
 10
0.0
 20
0.0
 30
0.0
 70
     1
 40
0.2854870629294407
 41
0.2854870629294407
  0
VERTEX
  5
129A
  8
0
 62
     1
 10
245.15387872351531
 20
116.5134894743214
 30
0.0
 42
1.0
  0
VERTEX
  5
129B
  8
0
 62
     1
 10
245.43936578644471
 20
116.5134894743214
 30
0.0
 42
1.0
  0
SEQEND
  5
129C
  8
0
 62
     1
  0
POLYLINE
  5
23F
  8
0
 62
     1
 66
     1
 10
0.0
 20
0.0
 30
0.0
 40
0.5709741258588814
 41
0.5709741258588814
  0
VERTEX
  5
129D
  8
0
 62
     1
 10
230.65753083690919
 20
138.98566073022471
 30
0.0
  0
VERTEX
  5
129E
  8
0
 62
     1
 10
235.12871502168491
 20
133.5652891586212
 30
0.0
  0
SEQEND
  5
129F
  8
0
 62
     1
  0
POLYLINE
  5
240
  8
0
 62
     1
 66
     1
 10
0.0
 20
0.0
 30
0.0
 70
     1
 40
0.2854870629294407
 41
0.2854870629294407
  0
VERTEX
  5
12A0
  8
0
 62
     1
 10
230.51478730544449
 20
138.98566073022471
 30
0.0
 42
1.0
  0
VERTEX
  5
12A1
  8
0
 62
     1
 10
230.80027436837401
 20
138.98566073022471
 30
0.0
 42
1.0
  0
SEQEND
  5
12A2
  8
0
 62
     1
  0
POLYLINE
  5
241
  8
0
 62
     1
 66
     1
 10
0.0
 20
0.0
 30
0.0
 70
     1
 40
0.2854870629294407
 41
0.2854870629294407
  0
VERTEX
  5
12A3
  8
0
 62
     1
 10
234.98597149022029
 20
133.5652891586212
 30
0.0
 42
1.0
  0
VERTEX
  5
12A4
  8
0
 62
     1
 10
235.2714585531497
 20
133.5652891586212
 30
0.0
 42
1.0
  0
SEQEND
  5
12A5
  8
0
 62
     1
  0
POLYLINE
  5
242
  8
0
 62
     1
 66
     1
 10
0.0
 20
0.0
 30
0.0
 40
0.5709741258588814
 41
0.5709741258588814
  0
VERTEX
  5
12A6
  8
0
 62
     1
 10
236.41386358416821
 20
132.0072149639775
 30
0.0
  0
VERTEX
  5
12A7
  8
0
 62
     1
 10
241.01043368698251
 20
126.4342791059444
 30
0.0
  0
SEQEND
  5
12A8
  8
0
 62
     1
  0
POLYLINE
  5
243
  8
0
 62
     1
 66
     1
 10
0.0
 20
0.0
 30
0.0
 70
     1
 40
0.2854870629294407
 41
0.2854870629294407
  0
VERTEX
  5
12A9
  8
0
 62
     1
 10
236.2711200527034
 20
132.0072149639775
 30
0.0
 42
1.0
  0
VERTEX
  5
12AA
  8
0
 62
     1
 10
236.55660711563289
 20
132.0072149639775
 30
0.0
 42
1.0
  0
SEQEND
  5
12AB
  8
0
 62
     1
  0
POLYLINE
  5
244
  8
0
 62
     1
 66
     1
 10
0.0
 20
0.0
 30
0.0
 70
     1
 40
0.2854870629294407
 41
0.2854870629294407
  0
VERTEX
  5
12AC
  8
0
 62
     1
 10
240.86769015551781
 20
126.4342791059444
 30
0.0
 42
1.0
  0
VERTEX
  5
12AD
  8
0
 62
     1
 10
241.15317721844721
 20
126.4342791059444
 30
0.0
 42
1.0
  0
SEQEND
  5
12AE
  8
0
 62
     1
  0
POLYLINE
  5
245
  8
0
 62
     1
 66
     1
 10
0.0
 20
0.0
 30
0.0
 40
0.5709741258588814
 41
0.5709741258588814
  0
VERTEX
  5
12AF
  8
0
 62
     1
 10
242.25333016415209
 20
124.92759258262809
 30
0.0
  0
VERTEX
  5
12B0
  8
0
 62
     1
 10
246.6758673534047
 20
119.56591715116279
 30
0.0
  0
SEQEND
  5
12B1
  8
0
 62
     1
  0
POLYLINE
  5
246
  8
0
 62
     1
 66
     1
 10
0.0
 20
0.0
 30
0.0
 70
     1
 40
0.2854870629294407
 41
0.2854870629294407
  0
VERTEX
  5
12B2
  8
0
 62
     1
 10
242.11058663268739
 20
124.92759258262809
 30
0.0
 42
1.0
  0
VERTEX
  5
12B3
  8
0
 62
     1
 10
242.39607369561691
 20
124.92759258262809
 30
0.0
 42
1.0
  0
SEQEND
  5
12B4
  8
0
 62
     1
  0
POLYLINE
  5
247
  8
0
 62
     1
 66
     1
 10
0.0
 20
0.0
 30
0.0
 70
     1
 40
0.2854870629294407
 41
0.2854870629294407
  0
VERTEX
  5
12B5
  8
0
 62
     1
 10
246.53312382193991
 20
119.56591715116279
 30
0.0
 42
1.0
  0
VERTEX
  5
12B6
  8
0
 62
     1
 10
246.8186108848694
 20
119.56591715116279
 30
0.0
 42
1.0
  0
SEQEND
  5
12B7
  8
0
 62
     1
  0
POLYLINE
  5
248
  8
0
 62
     1
 66
     1
 10
0.0
 20
0.0
 30
0.0
 40
0.5709741258588814
 41
0.5709741258588814
  0
VERTEX
  5
12B8
  8
0
 62
     1
 10
232.83042997027769
 20
140.82853681884691
 30
0.0
  0
VERTEX
  5
12B9
  8
0
 62
     1
 10
237.17942569211979
 20
135.22636708556999
 30
0.0
  0
SEQEND
  5
12BA
  8
0
 62
     1
  0
POLYLINE
  5
249
  8
0
 62
     1
 66
     1
 10
0.0
 20
0.0
 30
0.0
 70
     1
 40
0.2854870629294407
 41
0.2854870629294407
  0
VERTEX
  5
12BB
  8
0
 62
     1
 10
232.6876864388131
 20
140.82853681884691
 30
0.0
 42
1.0
  0
VERTEX
  5
12BC
  8
0
 62
     1
 10
232.97317350174251
 20
140.82853681884691
 30
0.0
 42
1.0
  0
SEQEND
  5
12BD
  8
0
 62
     1
  0
POLYLINE
  5
24A
  8
0
 62
     1
 66
     1
 10
0.0
 20
0.0
 30
0.0
 70
     1
 40
0.2854870629294407
 41
0.2854870629294407
  0
VERTEX
  5
12BE
  8
0
 62
     1
 10
237.036682160655
 20
135.22636708556999
 30
0.0
 42
1.0
  0
VERTEX
  5
12BF
  8
0
 62
     1
 10
237.3221692235845
 20
135.22636708556999
 30
0.0
 42
1.0
  0
SEQEND
  5
12C0
  8
0
 62
     1
  0
POLYLINE
  5
24B
  8
0
 62
     1
 66
     1
 10
0.0
 20
0.0
 30
0.0
 40
0.5709741258588814
 41
0.5709741258588814
  0
VERTEX
  5
12C1
  8
0
 62
     1
 10
238.4172975969818
 20
133.63175054687119
 30
0.0
  0
VERTEX
  5
12C2
  8
0
 62
     1
 10
242.84348902063991
 20
127.93000292604439
 30
0.0
  0
SEQEND
  5
12C3
  8
0
 62
     1
  0
POLYLINE
  5
24C
  8
0
 62
     1
 66
     1
 10
0.0
 20
0.0
 30
0.0
 70
     1
 40
0.2854870629294407
 41
0.2854870629294407
  0
VERTEX
  5
12C4
  8
0
 62
     1
 10
238.27455406551709
 20
133.63175054687119
 30
0.0
 42
1.0
  0
VERTEX
  5
12C5
  8
0
 62
     1
 10
238.5600411284465
 20
133.63175054687119
 30
0.0
 42
1.0
  0
SEQEND
  5
12C6
  8
0
 62
     1
  0
POLYLINE
  5
24D
  8
0
 62
     1
 66
     1
 10
0.0
 20
0.0
 30
0.0
 70
     1
 40
0.2854870629294407
 41
0.2854870629294407
  0
VERTEX
  5
12C7
  8
0
 62
     1
 10
242.7007454891752
 20
127.93000292604439
 30
0.0
 42
1.0
  0
VERTEX
  5
12C8
  8
0
 62
     1
 10
242.98623255210461
 20
127.93000292604439
 30
0.0
 42
1.0
  0
SEQEND
  5
12C9
  8
0
 62
     1
  0
POLYLINE
  5
24E
  8
0
 62
     1
 66
     1
 10
0.0
 20
0.0
 30
0.0
 40
0.5709741258588814
 41
0.5709741258588814
  0
VERTEX
  5
12CA
  8
0
 62
     1
 10
244.039565619489
 20
126.3895147344771
 30
0.0
  0
VERTEX
  5
12CB
  8
0
 62
     1
 10
248.28692794692799
 20
120.9179838811967
 30
0.0
  0
SEQEND
  5
12CC
  8
0
 62
     1
  0
POLYLINE
  5
24F
  8
0
 62
     1
 66
     1
 10
0.0
 20
0.0
 30
0.0
 70
     1
 40
0.2854870629294407
 41
0.2854870629294407
  0
VERTEX
  5
12CD
  8
0
 62
     1
 10
243.89682208802429
 20
126.3895147344771
 30
0.0
 42
1.0
  0
VERTEX
  5
12CE
  8
0
 62
     1
 10
244.18230915095381
 20
126.3895147344771
 30
0.0
 42
1.0
  0
SEQEND
  5
12CF
  8
0
 62
     1
  0
POLYLINE
  5
250
  8
0
 62
     1
 66
     1
 10
0.0
 20
0.0
 30
0.0
 70
     1
 40
0.2854870629294407
 41
0.2854870629294407
  0
VERTEX
  5
12D0
  8
0
 62
     1
 10
248.1441844154634
 20
120.9179838811967
 30
0.0
 42
1.0
  0
VERTEX
  5
12D1
  8
0
 62
     1
 10
248.42967147839281
 20
120.9179838811967
 30
0.0
 42
1.0
  0
SEQEND
  5
12D2
  8
0
 62
     1
  0
POLYLINE
  5
251
  8
0
 62
     1
 66
     1
 10
0.0
 20
0.0
 30
0.0
 40
0.5709741258588814
 41
0.5709741258588814
  0
VERTEX
  5
12D3
  8
0
 62
     1
 10
255.2904965747131
 20
139.5027348986024
 30
0.0
  0
VERTEX
  5
12D4
  8
0
 62
     1
 10
256.64233491509668
 20
146.38160277730009
 30
0.0
  0
SEQEND
  5
12D5
  8
0
 62
     1
  0
POLYLINE
  5
252
  8
0
 62
     1
 66
     1
 10
0.0
 20
0.0
 30
0.0
 70
     1
 40
0.2854870629294407
 41
0.2854870629294407
  0
VERTEX
  5
12D6
  8
0
 62
     1
 10
255.1477530432484
 20
139.5027348986024
 30
0.0
 42
1.0
  0
VERTEX
  5
12D7
  8
0
 62
     1
 10
255.43324010617781
 20
139.5027348986024
 30
0.0
 42
1.0
  0
SEQEND
  5
12D8
  8
0
 62
     1
  0
POLYLINE
  5
253
  8
0
 62
     1
 66
     1
 10
0.0
 20
0.0
 30
0.0
 70
     1
 40
0.2854870629294407
 41
0.2854870629294407
  0
VERTEX
  5
12D9
  8
0
 62
     1
 10
256.49959138363192
 20
146.38160277730009
 30
0.0
 42
1.0
  0
VERTEX
  5
12DA
  8
0
 62
     1
 10
256.78507844656127
 20
146.38160277730009
 30
0.0
 42
1.0
  0
SEQEND
  5
12DB
  8
0
 62
     1
  0
POLYLINE
  5
254
  8
0
 62
     1
 66
     1
 10
0.0
 20
0.0
 30
0.0
 40
0.5709741258588814
 41
0.5709741258588814
  0
VERTEX
  5
12DC
  8
0
 62
     1
 10
253.5092856916838
 20
130.44046196262079
 30
0.0
  0
VERTEX
  5
12DD
  8
0
 62
     1
 10
254.90109222087739
 20
137.52213985082329
 30
0.0
  0
SEQEND
  5
12DE
  8
0
 62
     1
  0
POLYLINE
  5
255
  8
0
 62
     1
 66
     1
 10
0.0
 20
0.0
 30
0.0
 70
     1
 40
0.2854870629294407
 41
0.2854870629294407
  0
VERTEX
  5
12DF
  8
0
 62
     1
 10
253.36654216021901
 20
130.44046196262079
 30
0.0
 42
1.0
  0
VERTEX
  5
12E0
  8
0
 62
     1
 10
253.6520292231485
 20
130.44046196262079
 30
0.0
 42
1.0
  0
SEQEND
  5
12E1
  8
0
 62
     1
  0
POLYLINE
  5
256
  8
0
 62
     1
 66
     1
 10
0.0
 20
0.0
 30
0.0
 70
     1
 40
0.2854870629294407
 41
0.2854870629294407
  0
VERTEX
  5
12E2
  8
0
 62
     1
 10
254.75834868941271
 20
137.52213985082329
 30
0.0
 42
1.0
  0
VERTEX
  5
12E3
  8
0
 62
     1
 10
255.0438357523422
 20
137.52213985082329
 30
0.0
 42
1.0
  0
SEQEND
  5
12E4
  8
0
 62
     1
  0
POLYLINE
  5
257
  8
0
 62
     1
 66
     1
 10
0.0
 20
0.0
 30
0.0
 40
0.5709741258588814
 41
0.5709741258588814
  0
VERTEX
  5
12E5
  8
0
 62
     1
 10
251.79819043130991
 20
121.7347052708251
 30
0.0
  0
VERTEX
  5
12E6
  8
0
 62
     1
 10
253.13312793756791
 20
128.5272418616928
 30
0.0
  0
SEQEND
  5
12E7
  8
0
 62
     1
  0
POLYLINE
  5
258
  8
0
 62
     1
 66
     1
 10
0.0
 20
0.0
 30
0.0
 70
     1
 40
0.2854870629294407
 41
0.2854870629294407
  0
VERTEX
  5
12E8
  8
0
 62
     1
 10
251.6554468998452
 20
121.7347052708251
 30
0.0
 42
1.0
  0
VERTEX
  5
12E9
  8
0
 62
     1
 10
251.94093396277461
 20
121.7347052708251
 30
0.0
 42
1.0
  0
SEQEND
  5
12EA
  8
0
 62
     1
  0
POLYLINE
  5
259
  8
0
 62
     1
 66
     1
 10
0.0
 20
0.0
 30
0.0
 70
     1
 40
0.2854870629294407
 41
0.2854870629294407
  0
VERTEX
  5
12EB
  8
0
 62
     1
 10
252.99038440610329
 20
128.5272418616928
 30
0.0
 42
1.0
  0
VERTEX
  5
12EC
  8
0
 62
     1
 10
253.27587146903281
 20
128.5272418616928
 30
0.0
 42
1.0
  0
SEQEND
  5
12ED
  8
0
 62
     1
  0
POLYLINE
  5
25A
  8
0
 62
     1
 66
     1
 10
0.0
 20
0.0
 30
0.0
 40
0.5709741258588814
 41
0.5709741258588814
  0
VERTEX
  5
12EE
  8
0
 62
     1
 10
258.06657277463898
 20
138.8780892049129
 30
0.0
  0
VERTEX
  5
12EF
  8
0
 62
     1
 10
259.73016298774138
 20
145.7745430866868
 30
0.0
  0
SEQEND
  5
12F0
  8
0
 62
     1
  0
POLYLINE
  5
25B
  8
0
 62
     1
 66
     1
 10
0.0
 20
0.0
 30
0.0
 70
     1
 40
0.2854870629294407
 41
0.2854870629294407
  0
VERTEX
  5
12F1
  8
0
 62
     1
 10
257.92382924317428
 20
138.8780892049129
 30
0.0
 42
1.0
  0
VERTEX
  5
12F2
  8
0
 62
     1
 10
258.2093163061038
 20
138.8780892049129
 30
0.0
 42
1.0
  0
SEQEND
  5
12F3
  8
0
 62
     1
  0
POLYLINE
  5
25C
  8
0
 62
     1
 66
     1
 10
0.0
 20
0.0
 30
0.0
 70
     1
 40
0.2854870629294407
 41
0.2854870629294407
  0
VERTEX
  5
12F4
  8
0
 62
     1
 10
259.58741945627668
 20
145.7745430866868
 30
0.0
 42
1.0
  0
VERTEX
  5
12F5
  8
0
 62
     1
 10
259.8729065192062
 20
145.7745430866868
 30
0.0
 42
1.0
  0
SEQEND
  5
12F6
  8
0
 62
     1
  0
POLYLINE
  5
25D
  8
0
 62
     1
 66
     1
 10
0.0
 20
0.0
 30
0.0
 40
0.5709741258588814
 41
0.5709741258588814
  0
VERTEX
  5
12F7
  8
0
 62
     1
 10
255.89915499287869
 20
129.8936971396983
 30
0.0
  0
VERTEX
  5
12F8
  8
0
 62
     1
 10
257.59289263982652
 20
136.9150801602101
 30
0.0
  0
SEQEND
  5
12F9
  8
0
 62
     1
  0
POLYLINE
  5
25E
  8
0
 62
     1
 66
     1
 10
0.0
 20
0.0
 30
0.0
 70
     1
 40
0.2854870629294407
 41
0.2854870629294407
  0
VERTEX
  5
12FA
  8
0
 62
     1
 10
255.75641146141399
 20
129.8936971396983
 30
0.0
 42
1.0
  0
VERTEX
  5
12FB
  8
0
 62
     1
 10
256.04189852434348
 20
129.8936971396983
 30
0.0
 42
1.0
  0
SEQEND
  5
12FC
  8
0
 62
     1
  0
POLYLINE
  5
25F
  8
0
 62
     1
 66
     1
 10
0.0
 20
0.0
 30
0.0
 70
     1
 40
0.2854870629294407
 41
0.2854870629294407
  0
VERTEX
  5
12FD
  8
0
 62
     1
 10
257.4501491083617
 20
136.9150801602101
 30
0.0
 42
1.0
  0
VERTEX
  5
12FE
  8
0
 62
     1
 10
257.73563617129111
 20
136.9150801602101
 30
0.0
 42
1.0
  0
SEQEND
  5
12FF
  8
0
 62
     1
  0
POLYLINE
  5
260
  8
0
 62
     1
 66
     1
 10
0.0
 20
0.0
 30
0.0
 40
0.5709741258588814
 41
0.5709741258588814
  0
VERTEX
  5
1300
  8
0
 62
     1
 10
253.81258714734
 20
121.2441243018872
 30
0.0
  0
VERTEX
  5
1301
  8
0
 62
     1
 10
255.4412337439399
 20
127.99577914534321
 30
0.0
  0
SEQEND
  5
1302
  8
0
 62
     1
  0
POLYLINE
  5
261
  8
0
 62
     1
 66
     1
 10
0.0
 20
0.0
 30
0.0
 70
     1
 40
0.2854870629294407
 41
0.2854870629294407
  0
VERTEX
  5
1303
  8
0
 62
     1
 10
253.66984361587529
 20
121.2441243018872
 30
0.0
 42
1.0
  0
VERTEX
  5
1304
  8
0
 62
     1
 10
253.9553306788047
 20
121.2441243018872
 30
0.0
 42
1.0
  0
SEQEND
  5
1305
  8
0
 62
     1
  0
POLYLINE
  5
262
  8
0
 62
     1
 66
     1
 10
0.0
 20
0.0
 30
0.0
 70
     1
 40
0.2854870629294407
 41
0.2854870629294407
  0
VERTEX
  5
1306
  8
0
 62
     1
 10
255.2984902124752
 20
127.99577914534321
 30
0.0
 42
1.0
  0
VERTEX
  5
1307
  8
0
 62
     1
 10
255.58397727540461
 20
127.99577914534321
 30
0.0
 42
1.0
  0
SEQEND
  5
1308
  8
0
 62
     1
  0
POLYLINE
  5
263
  8
0
 62
     1
 66
     1
 10
0.0
 20
0.0
 30
0.0
 40
0.5709741258588814
 41
0.5709741258588814
  0
VERTEX
  5
1309
  8
0
 62
     1
 10
256.90361267508962
 20
118.2800834197285
 30
0.0
  0
VERTEX
  5
130A
  8
0
 62
     1
 10
263.01783200443703
 20
121.475254628035
 30
0.0
  0
SEQEND
  5
130B
  8
0
 62
     1
  0
POLYLINE
  5
264
  8
0
 62
     1
 66
     1
 10
0.0
 20
0.0
 30
0.0
 70
     1
 40
0.2854870629294407
 41
0.2854870629294407
  0
VERTEX
  5
130C
  8
0
 62
     1
 10
256.76086914362492
 20
118.2800834197285
 30
0.0
 42
1.0
  0
VERTEX
  5
130D
  8
0
 62
     1
 10
257.04635620655432
 20
118.2800834197285
 30
0.0
 42
1.0
  0
SEQEND
  5
130E
  8
0
 62
     1
  0
POLYLINE
  5
265
  8
0
 62
     1
 66
     1
 10
0.0
 20
0.0
 30
0.0
 70
     1
 40
0.2854870629294407
 41
0.2854870629294407
  0
VERTEX
  5
130F
  8
0
 62
     1
 10
262.87508847297221
 20
121.475254628035
 30
0.0
 42
1.0
  0
VERTEX
  5
1310
  8
0
 62
     1
 10
263.16057553590173
 20
121.475254628035
 30
0.0
 42
1.0
  0
SEQEND
  5
1311
  8
0
 62
     1
  0
POLYLINE
  5
266
  8
0
 62
     1
 66
     1
 10
0.0
 20
0.0
 30
0.0
 40
0.5709741258588814
 41
0.5709741258588814
  0
VERTEX
  5
1312
  8
0
 62
     1
 10
264.74354420243299
 20
122.37693696759131
 30
0.0
  0
VERTEX
  5
1313
  8
0
 62
     1
 10
271.13480017764681
 20
125.7169072142154
 30
0.0
  0
SEQEND
  5
1314
  8
0
 62
     1
  0
POLYLINE
  5
267
  8
0
 62
     1
 66
     1
 10
0.0
 20
0.0
 30
0.0
 70
     1
 40
0.2854870629294407
 41
0.2854870629294407
  0
VERTEX
  5
1315
  8
0
 62
     1
 10
264.600800670968
 20
122.37693696759131
 30
0.0
 42
1.0
  0
VERTEX
  5
1316
  8
0
 62
     1
 10
264.88628773389757
 20
122.37693696759131
 30
0.0
 42
1.0
  0
SEQEND
  5
1317
  8
0
 62
     1
  0
POLYLINE
  5
268
  8
0
 62
     1
 66
     1
 10
0.0
 20
0.0
 30
0.0
 70
     1
 40
0.2854870629294407
 41
0.2854870629294407
  0
VERTEX
  5
1318
  8
0
 62
     1
 10
270.99205664618199
 20
125.7169072142154
 30
0.0
 42
1.0
  0
VERTEX
  5
1319
  8
0
 62
     1
 10
271.27754370911151
 20
125.7169072142154
 30
0.0
 42
1.0
  0
SEQEND
  5
131A
  8
0
 62
     1
  0
POLYLINE
  5
269
  8
0
 62
     1
 66
     1
 10
0.0
 20
0.0
 30
0.0
 40
0.5709741258588814
 41
0.5709741258588814
  0
VERTEX
  5
131B
  8
0
 62
     1
 10
272.92286275018648
 20
126.6512492737708
 30
0.0
  0
VERTEX
  5
131C
  8
0
 62
     1
 10
279.20586203113749
 20
129.93457888710969
 30
0.0
  0
SEQEND
  5
131D
  8
0
 62
     1
  0
POLYLINE
  5
26A
  8
0
 62
     1
 66
     1
 10
0.0
 20
0.0
 30
0.0
 70
     1
 40
0.2854870629294407
 41
0.2854870629294407
  0
VERTEX
  5
131E
  8
0
 62
     1
 10
272.78011921872178
 20
126.6512492737708
 30
0.0
 42
1.0
  0
VERTEX
  5
131F
  8
0
 62
     1
 10
273.0656062816513
 20
126.6512492737708
 30
0.0
 42
1.0
  0
SEQEND
  5
1320
  8
0
 62
     1
  0
POLYLINE
  5
26B
  8
0
 62
     1
 66
     1
 10
0.0
 20
0.0
 30
0.0
 70
     1
 40
0.2854870629294407
 41
0.2854870629294407
  0
VERTEX
  5
1321
  8
0
 62
     1
 10
279.06311849967278
 20
129.93457888710969
 30
0.0
 42
1.0
  0
VERTEX
  5
1322
  8
0
 62
     1
 10
279.3486055626023
 20
129.93457888710969
 30
0.0
 42
1.0
  0
SEQEND
  5
1323
  8
0
 62
     1
  0
POLYLINE
  5
26C
  8
0
 62
     1
 66
     1
 10
0.0
 20
0.0
 30
0.0
 40
0.5709741258588814
 41
0.5709741258588814
  0
VERTEX
  5
1324
  8
0
 62
     1
 10
255.73334410672931
 20
111.27857029879669
 30
0.0
  0
VERTEX
  5
1325
  8
0
 62
     1
 10
263.6776497042793
 20
111.2879342744607
 30
0.0
  0
SEQEND
  5
1326
  8
0
 62
     1
  0
POLYLINE
  5
26D
  8
0
 62
     1
 66
     1
 10
0.0
 20
0.0
 30
0.0
 70
     1
 40
0.2854870629294407
 41
0.2854870629294407
  0
VERTEX
  5
1327
  8
0
 62
     1
 10
255.59060057526469
 20
111.27857029879669
 30
0.0
 42
1.0
  0
VERTEX
  5
1328
  8
0
 62
     1
 10
255.87608763819401
 20
111.27857029879669
 30
0.0
 42
1.0
  0
SEQEND
  5
1329
  8
0
 62
     1
  0
POLYLINE
  5
26E
  8
0
 62
     1
 66
     1
 10
0.0
 20
0.0
 30
0.0
 70
     1
 40
0.2854870629294407
 41
0.2854870629294407
  0
VERTEX
  5
132A
  8
0
 62
     1
 10
263.53490617281471
 20
111.2879342744607
 30
0.0
 42
1.0
  0
VERTEX
  5
132B
  8
0
 62
     1
 10
263.82039323574418
 20
111.2879342744607
 30
0.0
 42
1.0
  0
SEQEND
  5
132C
  8
0
 62
     1
  0
POLYLINE
  5
26F
  8
0
 62
     1
 66
     1
 10
0.0
 20
0.0
 30
0.0
 40
0.5709741258588814
 41
0.5709741258588814
  0
VERTEX
  5
132D
  8
0
 62
     1
 10
263.59497265085503
 20
106.9314016941575
 30
0.0
  0
VERTEX
  5
132E
  8
0
 62
     1
 10
271.78022932951768
 20
106.87065004716609
 30
0.0
  0
SEQEND
  5
132F
  8
0
 62
     1
  0
POLYLINE
  5
270
  8
0
 62
     1
 66
     1
 10
0.0
 20
0.0
 30
0.0
 70
     1
 40
0.2854870629294407
 41
0.2854870629294407
  0
VERTEX
  5
1330
  8
0
 62
     1
 10
263.45222911939038
 20
106.9314016941575
 30
0.0
 42
1.0
  0
VERTEX
  5
1331
  8
0
 62
     1
 10
263.73771618231967
 20
106.9314016941575
 30
0.0
 42
1.0
  0
SEQEND
  5
1332
  8
0
 62
     1
  0
POLYLINE
  5
271
  8
0
 62
     1
 66
     1
 10
0.0
 20
0.0
 30
0.0
 70
     1
 40
0.2854870629294407
 41
0.2854870629294407
  0
VERTEX
  5
1333
  8
0
 62
     1
 10
271.63748579805298
 20
106.87065004716609
 30
0.0
 42
1.0
  0
VERTEX
  5
1334
  8
0
 62
     1
 10
271.92297286098233
 20
106.87065004716609
 30
0.0
 42
1.0
  0
SEQEND
  5
1335
  8
0
 62
     1
  0
POLYLINE
  5
272
  8
0
 62
     1
 66
     1
 10
0.0
 20
0.0
 30
0.0
 40
0.5709741258588814
 41
0.5709741258588814
  0
VERTEX
  5
1336
  8
0
 62
     1
 10
271.92822582294019
 20
102.80440071244951
 30
0.0
  0
VERTEX
  5
1337
  8
0
 62
     1
 10
279.89582716482562
 20
102.7050512145501
 30
0.0
  0
SEQEND
  5
1338
  8
0
 62
     1
  0
POLYLINE
  5
273
  8
0
 62
     1
 66
     1
 10
0.0
 20
0.0
 30
0.0
 70
     1
 40
0.2854870629294407
 41
0.2854870629294407
  0
VERTEX
  5
1339
  8
0
 62
     1
 10
271.78548229147549
 20
102.80440071244951
 30
0.0
 42
1.0
  0
VERTEX
  5
133A
  8
0
 62
     1
 10
272.07096935440501
 20
102.80440071244951
 30
0.0
 42
1.0
  0
SEQEND
  5
133B
  8
0
 62
     1
  0
POLYLINE
  5
274
  8
0
 62
     1
 66
     1
 10
0.0
 20
0.0
 30
0.0
 70
     1
 40
0.2854870629294407
 41
0.2854870629294407
  0
VERTEX
  5
133C
  8
0
 62
     1
 10
279.75308363336069
 20
102.7050512145501
 30
0.0
 42
1.0
  0
VERTEX
  5
133D
  8
0
 62
     1
 10
280.03857069629021
 20
102.7050512145501
 30
0.0
 42
1.0
  0
SEQEND
  5
133E
  8
0
 62
     1
  0
POLYLINE
  5
275
  8
0
 62
     1
 66
     1
 10
0.0
 20
0.0
 30
0.0
 40
0.5709741258588814
 41
0.5709741258588814
  0
VERTEX
  5
133F
  8
0
 62
     1
 10
253.53235304636851
 20
109.8545608289045
 30
0.0
  0
VERTEX
  5
1340
  8
0
 62
     1
 10
255.22083773135839
 20
103.1458432397131
 30
0.0
  0
SEQEND
  5
1341
  8
0
 62
     1
  0
POLYLINE
  5
276
  8
0
 62
     1
 66
     1
 10
0.0
 20
0.0
 30
0.0
 70
     1
 40
0.2854870629294407
 41
0.2854870629294407
  0
VERTEX
  5
1342
  8
0
 62
     1
 10
253.38960951490381
 20
109.8545608289045
 30
0.0
 42
1.0
  0
VERTEX
  5
1343
  8
0
 62
     1
 10
253.67509657783319
 20
109.8545608289045
 30
0.0
 42
1.0
  0
SEQEND
  5
1344
  8
0
 62
     1
  0
POLYLINE
  5
277
  8
0
 62
     1
 66
     1
 10
0.0
 20
0.0
 30
0.0
 70
     1
 40
0.2854870629294407
 41
0.2854870629294407
  0
VERTEX
  5
1345
  8
0
 62
     1
 10
255.07809419989371
 20
103.1458432397131
 30
0.0
 42
1.0
  0
VERTEX
  5
1346
  8
0
 62
     1
 10
255.363581262823
 20
103.1458432397131
 30
0.0
 42
1.0
  0
SEQEND
  5
1347
  8
0
 62
     1
  0
POLYLINE
  5
278
  8
0
 62
     1
 66
     1
 10
0.0
 20
0.0
 30
0.0
 40
0.5709741258588814
 41
0.5709741258588814
  0
VERTEX
  5
1348
  8
0
 62
     1
 10
255.69657337302391
 20
101.2554621038194
 30
0.0
  0
VERTEX
  5
1349
  8
0
 62
     1
 10
257.45768596682308
 20
94.25783160694354
 30
0.0
  0
SEQEND
  5
134A
  8
0
 62
     1
  0
POLYLINE
  5
279
  8
0
 62
     1
 66
     1
 10
0.0
 20
0.0
 30
0.0
 70
     1
 40
0.2854870629294407
 41
0.2854870629294407
  0
VERTEX
  5
134B
  8
0
 62
     1
 10
255.55382984155921
 20
101.2554621038194
 30
0.0
 42
1.0
  0
VERTEX
  5
134C
  8
0
 62
     1
 10
255.8393169044887
 20
101.2554621038194
 30
0.0
 42
1.0
  0
SEQEND
  5
134D
  8
0
 62
     1
  0
POLYLINE
  5
27A
  8
0
 62
     1
 66
     1
 10
0.0
 20
0.0
 30
0.0
 70
     1
 40
0.2854870629294407
 41
0.2854870629294407
  0
VERTEX
  5
134E
  8
0
 62
     1
 10
257.31494243535838
 20
94.25783160694354
 30
0.0
 42
1.0
  0
VERTEX
  5
134F
  8
0
 62
     1
 10
257.60042949828801
 20
94.25783160694354
 30
0.0
 42
1.0
  0
SEQEND
  5
1350
  8
0
 62
     1
  0
POLYLINE
  5
27B
  8
0
 62
     1
 66
     1
 10
0.0
 20
0.0
 30
0.0
 40
0.5709741258588814
 41
0.5709741258588814
  0
VERTEX
  5
1351
  8
0
 62
     1
 10
257.95009405296389
 20
92.300532303499139
 30
0.0
  0
VERTEX
  5
1352
  8
0
 62
     1
 10
259.68083082326729
 20
85.423719931654773
 30
0.0
  0
SEQEND
  5
1353
  8
0
 62
     1
  0
POLYLINE
  5
27C
  8
0
 62
     1
 66
     1
 10
0.0
 20
0.0
 30
0.0
 70
     1
 40
0.2854870629294407
 41
0.2854870629294407
  0
VERTEX
  5
1354
  8
0
 62
     1
 10
257.80735052149907
 20
92.300532303499139
 30
0.0
 42
1.0
  0
VERTEX
  5
1355
  8
0
 62
     1
 10
258.09283758442859
 20
92.300532303499139
 30
0.0
 42
1.0
  0
SEQEND
  5
1356
  8
0
 62
     1
  0
POLYLINE
  5
27D
  8
0
 62
     1
 66
     1
 10
0.0
 20
0.0
 30
0.0
 70
     1
 40
0.2854870629294407
 41
0.2854870629294407
  0
VERTEX
  5
1357
  8
0
 62
     1
 10
259.53808729180258
 20
85.423719931654773
 30
0.0
 42
1.0
  0
VERTEX
  5
1358
  8
0
 62
     1
 10
259.82357435473199
 20
85.423719931654773
 30
0.0
 42
1.0
  0
SEQEND
  5
1359
  8
0
 62
     1
  0
POLYLINE
  5
27E
  8
0
 62
     1
 66
     1
 10
0.0
 20
0.0
 30
0.0
 40
0.5709741258588814
 41
0.5709741258588814
  0
VERTEX
  5
135A
  8
0
 62
     1
 10
251.3727005127198
 20
109.4624157992648
 30
0.0
  0
VERTEX
  5
135B
  8
0
 62
     1
 10
252.84923960219089
 20
102.64909575021591
 30
0.0
  0
SEQEND
  5
135C
  8
0
 62
     1
  0
POLYLINE
  5
27F
  8
0
 62
     1
 66
     1
 10
0.0
 20
0.0
 30
0.0
 70
     1
 40
0.2854870629294407
 41
0.2854870629294407
  0
VERTEX
  5
135D
  8
0
 62
     1
 10
251.22995698125499
 20
109.4624157992648
 30
0.0
 42
1.0
  0
VERTEX
  5
135E
  8
0
 62
     1
 10
251.51544404418459
 20
109.4624157992648
 30
0.0
 42
1.0
  0
SEQEND
  5
135F
  8
0
 62
     1
  0
POLYLINE
  5
280
  8
0
 62
     1
 66
     1
 10
0.0
 20
0.0
 30
0.0
 70
     1
 40
0.2854870629294407
 41
0.2854870629294407
  0
VERTEX
  5
1360
  8
0
 62
     1
 10
252.70649607072619
 20
102.64909575021591
 30
0.0
 42
1.0
  0
VERTEX
  5
1361
  8
0
 62
     1
 10
252.99198313365571
 20
102.64909575021591
 30
0.0
 42
1.0
  0
SEQEND
  5
1362
  8
0
 62
     1
  0
POLYLINE
  5
281
  8
0
 62
     1
 66
     1
 10
0.0
 20
0.0
 30
0.0
 40
0.5709741258588814
 41
0.5709741258588814
  0
VERTEX
  5
1363
  8
0
 62
     1
 10
253.2633100382638
 20
100.7379311561409
 30
0.0
  0
VERTEX
  5
1364
  8
0
 62
     1
 10
254.79443425416699
 20
93.672925712413587
 30
0.0
  0
SEQEND
  5
1365
  8
0
 62
     1
  0
POLYLINE
  5
282
  8
0
 62
     1
 66
     1
 10
0.0
 20
0.0
 30
0.0
 70
     1
 40
0.2854870629294407
 41
0.2854870629294407
  0
VERTEX
  5
1366
  8
0
 62
     1
 10
253.12056650679909
 20
100.7379311561409
 30
0.0
 42
1.0
  0
VERTEX
  5
1367
  8
0
 62
     1
 10
253.4060535697285
 20
100.7379311561409
 30
0.0
 42
1.0
  0
SEQEND
  5
1368
  8
0
 62
     1
  0
POLYLINE
  5
283
  8
0
 62
     1
 66
     1
 10
0.0
 20
0.0
 30
0.0
 70
     1
 40
0.2854870629294407
 41
0.2854870629294407
  0
VERTEX
  5
1369
  8
0
 62
     1
 10
254.6516907227022
 20
93.672925712413587
 30
0.0
 42
1.0
  0
VERTEX
  5
136A
  8
0
 62
     1
 10
254.9371777856316
 20
93.672925712413587
 30
0.0
 42
1.0
  0
SEQEND
  5
136B
  8
0
 62
     1
  0
POLYLINE
  5
284
  8
0
 62
     1
 66
     1
 10
0.0
 20
0.0
 30
0.0
 40
0.5709741258588814
 41
0.5709741258588814
  0
VERTEX
  5
136C
  8
0
 62
     1
 10
255.22243645891081
 20
91.698040405892982
 30
0.0
  0
VERTEX
  5
136D
  8
0
 62
     1
 10
256.72546874782182
 20
84.762075114609587
 30
0.0
  0
SEQEND
  5
136E
  8
0
 62
     1
  0
POLYLINE
  5
285
  8
0
 62
     1
 66
     1
 10
0.0
 20
0.0
 30
0.0
 70
     1
 40
0.2854870629294407
 41
0.2854870629294407
  0
VERTEX
  5
136F
  8
0
 62
     1
 10
255.0796929274461
 20
91.698040405892982
 30
0.0
 42
1.0
  0
VERTEX
  5
1370
  8
0
 62
     1
 10
255.36517999037551
 20
91.698040405892982
 30
0.0
 42
1.0
  0
SEQEND
  5
1371
  8
0
 62
     1
  0
POLYLINE
  5
286
  8
0
 62
     1
 66
     1
 10
0.0
 20
0.0
 30
0.0
 70
     1
 40
0.2854870629294407
 41
0.2854870629294407
  0
VERTEX
  5
1372
  8
0
 62
     1
 10
256.58272521635678
 20
84.762075114609587
 30
0.0
 42
1.0
  0
VERTEX
  5
1373
  8
0
 62
     1
 10
256.86821227928641
 20
84.762075114609587
 30
0.0
 42
1.0
  0
SEQEND
  5
1374
  8
0
 62
     1
  0
POLYLINE
  5
287
  8
0
 62
     1
 66
     1
 10
0.0
 20
0.0
 30
0.0
 40
0.5709741258588814
 41
0.5709741258588814
  0
VERTEX
  5
1375
  8
0
 62
     1
 10
244.32847852717359
 20
104.6315179151979
 30
0.0
  0
VERTEX
  5
1376
  8
0
 62
     1
 10
248.5555141757321
 20
110.14644280204369
 30
0.0
  0
SEQEND
  5
1377
  8
0
 62
     1
  0
POLYLINE
  5
288
  8
0
 62
     1
 66
     1
 10
0.0
 20
0.0
 30
0.0
 70
     1
 40
0.2854870629294407
 41
0.2854870629294407
  0
VERTEX
  5
1378
  8
0
 62
     1
 10
244.18573499570891
 20
104.6315179151979
 30
0.0
 42
1.0
  0
VERTEX
  5
1379
  8
0
 62
     1
 10
244.4712220586384
 20
104.6315179151979
 30
0.0
 42
1.0
  0
SEQEND
  5
137A
  8
0
 62
     1
  0
POLYLINE
  5
289
  8
0
 62
     1
 66
     1
 10
0.0
 20
0.0
 30
0.0
 70
     1
 40
0.2854870629294407
 41
0.2854870629294407
  0
VERTEX
  5
137B
  8
0
 62
     1
 10
248.41277064426751
 20
110.14644280204369
 30
0.0
 42
1.0
  0
VERTEX
  5
137C
  8
0
 62
     1
 10
248.69825770719689
 20
110.14644280204369
 30
0.0
 42
1.0
  0
SEQEND
  5
137D
  8
0
 62
     1
  0
POLYLINE
  5
28A
  8
0
 62
     1
 66
     1
 10
0.0
 20
0.0
 30
0.0
 40
0.5709741258588814
 41
0.5709741258588814
  0
VERTEX
  5
137E
  8
0
 62
     1
 10
238.74617869347659
 20
97.348171965742097
 30
0.0
  0
VERTEX
  5
137F
  8
0
 62
     1
 10
243.1406239557368
 20
103.08143735831619
 30
0.0
  0
SEQEND
  5
1380
  8
0
 62
     1
  0
POLYLINE
  5
28B
  8
0
 62
     1
 66
     1
 10
0.0
 20
0.0
 30
0.0
 70
     1
 40
0.2854870629294407
 41
0.2854870629294407
  0
VERTEX
  5
1381
  8
0
 62
     1
 10
238.60343516201181
 20
97.348171965742097
 30
0.0
 42
1.0
  0
VERTEX
  5
1382
  8
0
 62
     1
 10
238.88892222494121
 20
97.348171965742097
 30
0.0
 42
1.0
  0
SEQEND
  5
1383
  8
0
 62
     1
  0
POLYLINE
  5
28C
  8
0
 62
     1
 66
     1
 10
0.0
 20
0.0
 30
0.0
 70
     1
 40
0.2854870629294407
 41
0.2854870629294407
  0
VERTEX
  5
1384
  8
0
 62
     1
 10
242.99788042427221
 20
103.08143735831619
 30
0.0
 42
1.0
  0
VERTEX
  5
1385
  8
0
 62
     1
 10
243.28336748720159
 20
103.08143735831619
 30
0.0
 42
1.0
  0
SEQEND
  5
1386
  8
0
 62
     1
  0
POLYLINE
  5
28D
  8
0
 62
     1
 66
     1
 10
0.0
 20
0.0
 30
0.0
 40
0.5709741258588814
 41
0.5709741258588814
  0
VERTEX
  5
1387
  8
0
 62
     1
 10
233.20179154173641
 20
90.114386570410659
 30
0.0
  0
VERTEX
  5
1388
  8
0
 62
     1
 10
237.51767076427859
 20
95.745333399630937
 30
0.0
  0
SEQEND
  5
1389
  8
0
 62
     1
  0
POLYLINE
  5
28E
  8
0
 62
     1
 66
     1
 10
0.0
 20
0.0
 30
0.0
 70
     1
 40
0.2854870629294407
 41
0.2854870629294407
  0
VERTEX
  5
138A
  8
0
 62
     1
 10
233.05904801027171
 20
90.114386570410659
 30
0.0
 42
1.0
  0
VERTEX
  5
138B
  8
0
 62
     1
 10
233.3445350732012
 20
90.114386570410659
 30
0.0
 42
1.0
  0
SEQEND
  5
138C
  8
0
 62
     1
  0
POLYLINE
  5
28F
  8
0
 62
     1
 66
     1
 10
0.0
 20
0.0
 30
0.0
 70
     1
 40
0.2854870629294407
 41
0.2854870629294407
  0
VERTEX
  5
138D
  8
0
 62
     1
 10
237.3749272328138
 20
95.745333399630937
 30
0.0
 42
1.0
  0
VERTEX
  5
138E
  8
0
 62
     1
 10
237.66041429574329
 20
95.745333399630937
 30
0.0
 42
1.0
  0
SEQEND
  5
138F
  8
0
 62
     1
  0
POLYLINE
  5
290
  8
0
 62
     1
 66
     1
 10
0.0
 20
0.0
 30
0.0
 40
0.5709741258588814
 41
0.5709741258588814
  0
VERTEX
  5
1390
  8
0
 62
     1
 10
242.4559117840069
 20
106.0902426119422
 30
0.0
  0
VERTEX
  5
1391
  8
0
 62
     1
 10
246.8393943430506
 20
111.4596832915191
 30
0.0
  0
SEQEND
  5
1392
  8
0
 62
     1
  0
POLYLINE
  5
291
  8
0
 62
     1
 66
     1
 10
0.0
 20
0.0
 30
0.0
 70
     1
 40
0.2854870629294407
 41
0.2854870629294407
  0
VERTEX
  5
1393
  8
0
 62
     1
 10
242.3131682525422
 20
106.0902426119422
 30
0.0
 42
1.0
  0
VERTEX
  5
1394
  8
0
 62
     1
 10
242.59865531547149
 20
106.0902426119422
 30
0.0
 42
1.0
  0
SEQEND
  5
1395
  8
0
 62
     1
  0
POLYLINE
  5
292
  8
0
 62
     1
 66
     1
 10
0.0
 20
0.0
 30
0.0
 70
     1
 40
0.2854870629294407
 41
0.2854870629294407
  0
VERTEX
  5
1396
  8
0
 62
     1
 10
246.69665081158601
 20
111.4596832915191
 30
0.0
 42
1.0
  0
VERTEX
  5
1397
  8
0
 62
     1
 10
246.98213787451539
 20
111.4596832915191
 30
0.0
 42
1.0
  0
SEQEND
  5
1398
  8
0
 62
     1
  0
POLYLINE
  5
293
  8
0
 62
     1
 66
     1
 10
0.0
 20
0.0
 30
0.0
 40
0.5709741258588814
 41
0.5709741258588814
  0
VERTEX
  5
1399
  8
0
 62
     1
 10
236.6566417824834
 20
98.986639317306754
 30
0.0
  0
VERTEX
  5
139A
  8
0
 62
     1
 10
241.22215089285089
 20
104.5789882956188
 30
0.0
  0
SEQEND
  5
139B
  8
0
 62
     1
  0
POLYLINE
  5
294
  8
0
 62
     1
 66
     1
 10
0.0
 20
0.0
 30
0.0
 70
     1
 40
0.2854870629294407
 41
0.2854870629294407
  0
VERTEX
  5
139C
  8
0
 62
     1
 10
236.5138982510187
 20
98.986639317306754
 30
0.0
 42
1.0
  0
VERTEX
  5
139D
  8
0
 62
     1
 10
236.79938531394811
 20
98.986639317306754
 30
0.0
 42
1.0
  0
SEQEND
  5
139E
  8
0
 62
     1
  0
POLYLINE
  5
295
  8
0
 62
     1
 66
     1
 10
0.0
 20
0.0
 30
0.0
 70
     1
 40
0.2854870629294407
 41
0.2854870629294407
  0
VERTEX
  5
139F
  8
0
 62
     1
 10
241.0794073613863
 20
104.5789882956188
 30
0.0
 42
1.0
  0
VERTEX
  5
13A0
  8
0
 62
     1
 10
241.36489442431571
 20
104.5789882956188
 30
0.0
 42
1.0
  0
SEQEND
  5
13A1
  8
0
 62
     1
  0
POLYLINE
  5
296
  8
0
 62
     1
 66
     1
 10
0.0
 20
0.0
 30
0.0
 40
0.5709741258588814
 41
0.5709741258588814
  0
VERTEX
  5
13A2
  8
0
 62
     1
 10
230.89414251466519
 20
91.928257173439164
 30
0.0
  0
VERTEX
  5
13A3
  8
0
 62
     1
 10
235.37971524741249
 20
97.422626991754072
 30
0.0
  0
SEQEND
  5
13A4
  8
0
 62
     1
  0
POLYLINE
  5
297
  8
0
 62
     1
 66
     1
 10
0.0
 20
0.0
 30
0.0
 70
     1
 40
0.2854870629294407
 41
0.2854870629294407
  0
VERTEX
  5
13A5
  8
0
 62
     1
 10
230.75139898320049
 20
91.928257173439164
 30
0.0
 42
1.0
  0
VERTEX
  5
13A6
  8
0
 62
     1
 10
231.03688604613001
 20
91.928257173439164
 30
0.0
 42
1.0
  0
SEQEND
  5
13A7
  8
0
 62
     1
  0
POLYLINE
  5
298
  8
0
 62
     1
 66
     1
 10
0.0
 20
0.0
 30
0.0
 70
     1
 40
0.2854870629294407
 41
0.2854870629294407
  0
VERTEX
  5
13A8
  8
0
 62
     1
 10
235.23697171594799
 20
97.422626991754072
 30
0.0
 42
1.0
  0
VERTEX
  5
13A9
  8
0
 62
     1
 10
235.52245877887719
 20
97.422626991754072
 30
0.0
 42
1.0
  0
SEQEND
  5
13AA
  8
0
 62
     1
  0
POLYLINE
  5
2A1
  8
0
 62
     1
 66
     1
 10
0.0
 20
0.0
 30
0.0
 40
0.5709741258588814
 41
0.5709741258588814
  0
VERTEX
  5
13AB
  8
0
 62
     1
 10
248.28683659106801
 20
120.9180866565393
 30
0.0
 42
-0.1499995973895809
  0
VERTEX
  5
13AC
  8
0
 62
     1
 10
251.79808765596721
 20
121.734591076
 30
0.0
  0
SEQEND
  5
13AD
  8
0
 62
     1
  0
POLYLINE
  5
2A2
  8
0
 62
     1
 66
     1
 10
0.0
 20
0.0
 30
0.0
 70
     1
 40
0.2854870629294407
 41
0.2854870629294407
  0
VERTEX
  5
13AE
  8
0
 62
     1
 10
248.14409305960319
 20
120.9180866565393
 30
0.0
 42
1.0
  0
VERTEX
  5
13AF
  8
0
 62
     1
 10
248.42958012253271
 20
120.9180866565393
 30
0.0
 42
1.0
  0
SEQEND
  5
13B0
  8
0
 62
     1
  0
POLYLINE
  5
2A3
  8
0
 62
     1
 66
     1
 10
0.0
 20
0.0
 30
0.0
 70
     1
 40
0.2854870629294407
 41
0.2854870629294407
  0
VERTEX
  5
13B1
  8
0
 62
     1
 10
251.65534412450259
 20
121.734591076
 30
0.0
 42
1.0
  0
VERTEX
  5
13B2
  8
0
 62
     1
 10
251.940831187432
 20
121.734591076
 30
0.0
 42
1.0
  0
SEQEND
  5
13B3
  8
0
 62
     1
  0
POLYLINE
  5
2A4
  8
0
 62
     1
 66
     1
 10
0.0
 20
0.0
 30
0.0
 40
0.5709741258588814
 41
0.5709741258588814
  0
VERTEX
  5
13B4
  8
0
 62
     1
 10
245.29669077187509
 20
116.5135922496639
 30
0.0
 42
-0.138934093332001
  0
VERTEX
  5
13B5
  8
0
 62
     1
 10
246.67589019236971
 20
119.5659285706453
 30
0.0
  0
SEQEND
  5
13B6
  8
0
 62
     1
  0
POLYLINE
  5
2A5
  8
0
 62
     1
 66
     1
 10
0.0
 20
0.0
 30
0.0
 70
     1
 40
0.2854870629294407
 41
0.2854870629294407
  0
VERTEX
  5
13B7
  8
0
 62
     1
 10
245.1539472404103
 20
116.5135922496639
 30
0.0
 42
1.0
  0
VERTEX
  5
13B8
  8
0
 62
     1
 10
245.43943430333971
 20
116.5135922496639
 30
0.0
 42
1.0
  0
SEQEND
  5
13B9
  8
0
 62
     1
  0
POLYLINE
  5
2A6
  8
0
 62
     1
 66
     1
 10
0.0
 20
0.0
 30
0.0
 70
     1
 40
0.2854870629294407
 41
0.2854870629294407
  0
VERTEX
  5
13BA
  8
0
 62
     1
 10
246.533146660905
 20
119.5659285706453
 30
0.0
 42
1.0
  0
VERTEX
  5
13BB
  8
0
 62
     1
 10
246.81863372383449
 20
119.5659285706453
 30
0.0
 42
1.0
  0
SEQEND
  5
13BC
  8
0
 62
     1
  0
POLYLINE
  5
2A7
  8
0
 62
     1
 66
     1
 10
0.0
 20
0.0
 30
0.0
 40
0.5709741258588814
 41
0.5709741258588814
  0
VERTEX
  5
13BD
  8
0
 62
     1
 10
246.83945144046331
 20
111.45967187203659
 30
0.0
 42
-0.1401628573251907
  0
VERTEX
  5
13BE
  8
0
 62
     1
 10
245.33276491714679
 20
114.4829912879419
 30
0.0
  0
SEQEND
  5
13BF
  8
0
 62
     1
  0
POLYLINE
  5
2A8
  8
0
 62
     1
 66
     1
 10
0.0
 20
0.0
 30
0.0
 70
     1
 40
0.2854870629294407
 41
0.2854870629294407
  0
VERTEX
  5
13C0
  8
0
 62
     1
 10
246.6967079089986
 20
111.45967187203659
 30
0.0
 42
1.0
  0
VERTEX
  5
13C1
  8
0
 62
     1
 10
246.98219497192801
 20
111.45967187203659
 30
0.0
 42
1.0
  0
SEQEND
  5
13C2
  8
0
 62
     1
  0
POLYLINE
  5
2A9
  8
0
 62
     1
 66
     1
 10
0.0
 20
0.0
 30
0.0
 70
     1
 40
0.2854870629294407
 41
0.2854870629294407
  0
VERTEX
  5
13C3
  8
0
 62
     1
 10
245.19002138568209
 20
114.4829912879419
 30
0.0
 42
1.0
  0
VERTEX
  5
13C4
  8
0
 62
     1
 10
245.47550844861149
 20
114.4829912879419
 30
0.0
 42
1.0
  0
SEQEND
  5
13C5
  8
0
 62
     1
  0
POLYLINE
  5
2AA
  8
0
 62
     1
 66
     1
 10
0.0
 20
0.0
 30
0.0
 40
0.5709741258588814
 41
0.5709741258588814
  0
VERTEX
  5
13C6
  8
0
 62
     1
 10
251.37268909323731
 20
109.46249573564251
 30
0.0
 42
-0.1196637422640419
  0
VERTEX
  5
13C7
  8
0
 62
     1
 10
248.55547991728449
 20
110.1465227384212
 30
0.0
  0
SEQEND
  5
13C8
  8
0
 62
     1
  0
POLYLINE
  5
2AB
  8
0
 62
     1
 66
     1
 10
0.0
 20
0.0
 30
0.0
 70
     1
 40
0.2854870629294407
 41
0.2854870629294407
  0
VERTEX
  5
13C9
  8
0
 62
     1
 10
251.22994556177261
 20
109.46249573564251
 30
0.0
 42
1.0
  0
VERTEX
  5
13CA
  8
0
 62
     1
 10
251.5154326247021
 20
109.46249573564251
 30
0.0
 42
1.0
  0
SEQEND
  5
13CB
  8
0
 62
     1
  0
POLYLINE
  5
2AC
  8
0
 62
     1
 66
     1
 10
0.0
 20
0.0
 30
0.0
 70
     1
 40
0.2854870629294407
 41
0.2854870629294407
  0
VERTEX
  5
13CC
  8
0
 62
     1
 10
248.4127363858199
 20
110.1465227384212
 30
0.0
 42
1.0
  0
VERTEX
  5
13CD
  8
0
 62
     1
 10
248.6982234487493
 20
110.1465227384212
 30
0.0
 42
1.0
  0
SEQEND
  5
13CE
  8
0
 62
     1
  0
POLYLINE
  5
2AD
  8
0
 62
     1
 66
     1
 10
0.0
 20
0.0
 30
0.0
 40
0.5709741258588814
 41
0.5709741258588814
  0
VERTEX
  5
13CF
  8
0
 62
     1
 10
255.73341262362439
 20
111.2785931377617
 30
0.0
 42
-0.1079231199903999
  0
VERTEX
  5
13D0
  8
0
 62
     1
 10
253.53234162688591
 20
109.8546065068347
 30
0.0
  0
SEQEND
  5
13D1
  8
0
 62
     1
  0
POLYLINE
  5
2AE
  8
0
 62
     1
 66
     1
 10
0.0
 20
0.0
 30
0.0
 70
     1
 40
0.2854870629294407
 41
0.2854870629294407
  0
VERTEX
  5
13D2
  8
0
 62
     1
 10
255.59066909215969
 20
111.2785931377617
 30
0.0
 42
1.0
  0
VERTEX
  5
13D3
  8
0
 62
     1
 10
255.87615615508909
 20
111.2785931377617
 30
0.0
 42
1.0
  0
SEQEND
  5
13D4
  8
0
 62
     1
  0
POLYLINE
  5
2AF
  8
0
 62
     1
 66
     1
 10
0.0
 20
0.0
 30
0.0
 70
     1
 40
0.2854870629294407
 41
0.2854870629294407
  0
VERTEX
  5
13D5
  8
0
 62
     1
 10
253.38959809542121
 20
109.8546065068347
 30
0.0
 42
1.0
  0
VERTEX
  5
13D6
  8
0
 62
     1
 10
253.6750851583507
 20
109.8546065068347
 30
0.0
 42
1.0
  0
SEQEND
  5
13D7
  8
0
 62
     1
  0
POLYLINE
  5
2B0
  8
0
 62
     1
 66
     1
 10
0.0
 20
0.0
 30
0.0
 40
0.5709741258588814
 41
0.5709741258588814
  0
VERTEX
  5
13D8
  8
0
 62
     1
 10
253.81263282527021
 20
121.2440215265445
 30
0.0
 42
-0.1799034691027613
  0
VERTEX
  5
13D9
  8
0
 62
     1
 10
256.90350989974712
 20
118.2801633561062
 30
0.0
  0
SEQEND
  5
13DA
  8
0
 62
     1
  0
POLYLINE
  5
2B1
  8
0
 62
     1
 66
     1
 10
0.0
 20
0.0
 30
0.0
 70
     1
 40
0.2854870629294407
 41
0.2854870629294407
  0
VERTEX
  5
13DB
  8
0
 62
     1
 10
253.6698892938054
 20
121.2440215265445
 30
0.0
 42
1.0
  0
VERTEX
  5
13DC
  8
0
 62
     1
 10
253.9553763567348
 20
121.2440215265445
 30
0.0
 42
1.0
  0
SEQEND
  5
13DD
  8
0
 62
     1
  0
POLYLINE
  5
2B2
  8
0
 62
     1
 66
     1
 10
0.0
 20
0.0
 30
0.0
 70
     1
 40
0.2854870629294407
 41
0.2854870629294407
  0
VERTEX
  5
13DE
  8
0
 62
     1
 10
256.76076636828242
 20
118.2801633561062
 30
0.0
 42
1.0
  0
VERTEX
  5
13DF
  8
0
 62
     1
 10
257.04625343121171
 20
118.2801633561062
 30
0.0
 42
1.0
  0
SEQEND
  5
13E0
  8
0
 62
     1
  0
POLYLINE
  5
2B3
  8
0
 62
     1
 66
     1
 10
0.0
 20
0.0
 30
0.0
 40
0.5709741258588814
 41
0.5709741258588814
  0
VERTEX
  5
13E1
  8
0
 62
     1
 10
255.4413365192826
 20
127.99567637000069
 30
0.0
 42
-0.1992372636050341
  0
VERTEX
  5
13E2
  8
0
 62
     1
 10
263.01788910184951
 20
121.475277467
 30
0.0
  0
SEQEND
  5
13E3
  8
0
 62
     1
  0
POLYLINE
  5
2B4
  8
0
 62
     1
 66
     1
 10
0.0
 20
0.0
 30
0.0
 70
     1
 40
0.2854870629294407
 41
0.2854870629294407
  0
VERTEX
  5
13E4
  8
0
 62
     1
 10
255.29859298781781
 20
127.99567637000069
 30
0.0
 42
1.0
  0
VERTEX
  5
13E5
  8
0
 62
     1
 10
255.5840800507473
 20
127.99567637000069
 30
0.0
 42
1.0
  0
SEQEND
  5
13E6
  8
0
 62
     1
  0
POLYLINE
  5
2B5
  8
0
 62
     1
 66
     1
 10
0.0
 20
0.0
 30
0.0
 70
     1
 40
0.2854870629294407
 41
0.2854870629294407
  0
VERTEX
  5
13E7
  8
0
 62
     1
 10
262.8751455703848
 20
121.475277467
 30
0.0
 42
1.0
  0
VERTEX
  5
13E8
  8
0
 62
     1
 10
263.16063263331432
 20
121.475277467
 30
0.0
 42
1.0
  0
SEQEND
  5
13E9
  8
0
 62
     1
  0
POLYLINE
  5
2B6
  8
0
 62
     1
 66
     1
 10
0.0
 20
0.0
 30
0.0
 40
0.5709741258588814
 41
0.5709741258588814
  0
VERTEX
  5
13EA
  8
0
 62
     1
 10
244.0394628441463
 20
126.38941195913441
 30
0.0
 42
-0.1852303880431247
  0
VERTEX
  5
13EB
  8
0
 62
     1
 10
253.1331736154979
 20
128.5272418616928
 30
0.0
  0
SEQEND
  5
13EC
  8
0
 62
     1
  0
POLYLINE
  5
2B7
  8
0
 62
     1
 66
     1
 10
0.0
 20
0.0
 30
0.0
 70
     1
 40
0.2854870629294407
 41
0.2854870629294407
  0
VERTEX
  5
13ED
  8
0
 62
     1
 10
243.8967193126816
 20
126.38941195913441
 30
0.0
 42
1.0
  0
VERTEX
  5
13EE
  8
0
 62
     1
 10
244.1822063756112
 20
126.38941195913441
 30
0.0
 42
1.0
  0
SEQEND
  5
13EF
  8
0
 62
     1
  0
POLYLINE
  5
2B8
  8
0
 62
     1
 66
     1
 10
0.0
 20
0.0
 30
0.0
 70
     1
 40
0.2854870629294407
 41
0.2854870629294407
  0
VERTEX
  5
13F0
  8
0
 62
     1
 10
252.99043008403331
 20
128.5272418616928
 30
0.0
 42
1.0
  0
VERTEX
  5
13F1
  8
0
 62
     1
 10
253.27591714696271
 20
128.5272418616928
 30
0.0
 42
1.0
  0
SEQEND
  5
13F2
  8
0
 62
     1
  0
POLYLINE
  5
2B9
  8
0
 62
     1
 66
     1
 10
0.0
 20
0.0
 30
0.0
 40
0.5709741258588814
 41
0.5709741258588814
  0
VERTEX
  5
13F3
  8
0
 62
     1
 10
238.37223631896899
 20
116.6297055478985
 30
0.0
 42
-0.1813964918087293
  0
VERTEX
  5
13F4
  8
0
 62
     1
 10
242.253238808292
 20
124.92769535797071
 30
0.0
  0
SEQEND
  5
13F5
  8
0
 62
     1
  0
POLYLINE
  5
2BA
  8
0
 62
     1
 66
     1
 10
0.0
 20
0.0
 30
0.0
 70
     1
 40
0.2854870629294407
 41
0.2854870629294407
  0
VERTEX
  5
13F6
  8
0
 62
     1
 10
238.22949278750431
 20
116.6297055478985
 30
0.0
 42
1.0
  0
VERTEX
  5
13F7
  8
0
 62
     1
 10
238.51497985043389
 20
116.6297055478985
 30
0.0
 42
1.0
  0
SEQEND
  5
13F8
  8
0
 62
     1
  0
POLYLINE
  5
2BB
  8
0
 62
     1
 66
     1
 10
0.0
 20
0.0
 30
0.0
 70
     1
 40
0.2854870629294407
 41
0.2854870629294407
  0
VERTEX
  5
13F9
  8
0
 62
     1
 10
242.11049527682721
 20
124.92769535797071
 30
0.0
 42
1.0
  0
VERTEX
  5
13FA
  8
0
 62
     1
 10
242.3959823397567
 20
124.92769535797071
 30
0.0
 42
1.0
  0
SEQEND
  5
13FB
  8
0
 62
     1
  0
POLYLINE
  5
2BC
  8
0
 62
     1
 66
     1
 10
0.0
 20
0.0
 30
0.0
 40
0.5709741258588814
 41
0.5709741258588814
  0
VERTEX
  5
13FC
  8
0
 62
     1
 10
242.4558432671117
 20
106.090151256082
 30
0.0
 42
-0.1829000737577984
  0
VERTEX
  5
13FD
  8
0
 62
     1
 10
238.3898908389404
 20
114.3782974722245
 30
0.0
  0
SEQEND
  5
13FE
  8
0
 62
     1
  0
POLYLINE
  5
2BD
  8
0
 62
     1
 66
     1
 10
0.0
 20
0.0
 30
0.0
 70
     1
 40
0.2854870629294407
 41
0.2854870629294407
  0
VERTEX
  5
13FF
  8
0
 62
     1
 10
242.3130997356472
 20
106.090151256082
 30
0.0
 42
1.0
  0
VERTEX
  5
1400
  8
0
 62
     1
 10
242.59858679857649
 20
106.090151256082
 30
0.0
 42
1.0
  0
SEQEND
  5
1401
  8
0
 62
     1
  0
POLYLINE
  5
2BE
  8
0
 62
     1
 66
     1
 10
0.0
 20
0.0
 30
0.0
 70
     1
 40
0.2854870629294407
 41
0.2854870629294407
  0
VERTEX
  5
1402
  8
0
 62
     1
 10
238.2471473074759
 20
114.3782974722245
 30
0.0
 42
1.0
  0
VERTEX
  5
1403
  8
0
 62
     1
 10
238.53263437040539
 20
114.3782974722245
 30
0.0
 42
1.0
  0
SEQEND
  5
1404
  8
0
 62
     1
  0
POLYLINE
  5
2BF
  8
0
 62
     1
 66
     1
 10
0.0
 20
0.0
 30
0.0
 40
0.5709741258588814
 41
0.5709741258588814
  0
VERTEX
  5
1405
  8
0
 62
     1
 10
252.8491939242609
 20
102.64906149176841
 30
0.0
 42
-0.1727144343145703
  0
VERTEX
  5
1406
  8
0
 62
     1
 10
244.32845568820861
 20
104.6314608177854
 30
0.0
  0
SEQEND
  5
1407
  8
0
 62
     1
  0
POLYLINE
  5
2C0
  8
0
 62
     1
 66
     1
 10
0.0
 20
0.0
 30
0.0
 70
     1
 40
0.2854870629294407
 41
0.2854870629294407
  0
VERTEX
  5
1408
  8
0
 62
     1
 10
252.70645039279611
 20
102.64906149176841
 30
0.0
 42
1.0
  0
VERTEX
  5
1409
  8
0
 62
     1
 10
252.9919374557256
 20
102.64906149176841
 30
0.0
 42
1.0
  0
SEQEND
  5
140A
  8
0
 62
     1
  0
POLYLINE
  5
2C1
  8
0
 62
     1
 66
     1
 10
0.0
 20
0.0
 30
0.0
 70
     1
 40
0.2854870629294407
 41
0.2854870629294407
  0
VERTEX
  5
140B
  8
0
 62
     1
 10
244.18571215674399
 20
104.6314608177854
 30
0.0
 42
1.0
  0
VERTEX
  5
140C
  8
0
 62
     1
 10
244.47119921967331
 20
104.6314608177854
 30
0.0
 42
1.0
  0
SEQEND
  5
140D
  8
0
 62
     1
  0
POLYLINE
  5
2C2
  8
0
 62
     1
 66
     1
 10
0.0
 20
0.0
 30
0.0
 40
0.5709741258588814
 41
0.5709741258588814
  0
VERTEX
  5
140E
  8
0
 62
     1
 10
263.67774106013962
 20
111.2878429186007
 30
0.0
 42
-0.2377763683494114
  0
VERTEX
  5
140F
  8
0
 62
     1
 10
255.2207235365332
 20
103.1458774981607
 30
0.0
  0
SEQEND
  5
1410
  8
0
 62
     1
  0
POLYLINE
  5
2C3
  8
0
 62
     1
 66
     1
 10
0.0
 20
0.0
 30
0.0
 70
     1
 40
0.2854870629294407
 41
0.2854870629294407
  0
VERTEX
  5
1411
  8
0
 62
     1
 10
263.53499752867492
 20
111.2878429186007
 30
0.0
 42
1.0
  0
VERTEX
  5
1412
  8
0
 62
     1
 10
263.82048459160421
 20
111.2878429186007
 30
0.0
 42
1.0
  0
SEQEND
  5
1413
  8
0
 62
     1
  0
POLYLINE
  5
2C4
  8
0
 62
     1
 66
     1
 10
0.0
 20
0.0
 30
0.0
 70
     1
 40
0.2854870629294407
 41
0.2854870629294407
  0
VERTEX
  5
1414
  8
0
 62
     1
 10
255.07798000506841
 20
103.1458774981607
 30
0.0
 42
1.0
  0
VERTEX
  5
1415
  8
0
 62
     1
 10
255.36346706799799
 20
103.1458774981607
 30
0.0
 42
1.0
  0
SEQEND
  5
1416
  8
0
 62
     1
  0
POLYLINE
  5
2C5
  8
0
 62
     1
 66
     1
 10
0.0
 20
0.0
 30
0.0
 40
0.5709741258588814
 41
0.5709741258588814
  0
VERTEX
  5
1417
  8
0
 62
     1
 10
255.89918925132631
 20
129.8936514617682
 30
0.0
 42
-0.2014683782353882
  0
VERTEX
  5
1418
  8
0
 62
     1
 10
264.74356704139768
 20
122.377039742934
 30
0.0
  0
SEQEND
  5
1419
  8
0
 62
     1
  0
POLYLINE
  5
2C6
  8
0
 62
     1
 66
     1
 10
0.0
 20
0.0
 30
0.0
 70
     1
 40
0.2854870629294407
 41
0.2854870629294407
  0
VERTEX
  5
141A
  8
0
 62
     1
 10
255.75644571986149
 20
129.8936514617682
 30
0.0
 42
1.0
  0
VERTEX
  5
141B
  8
0
 62
     1
 10
256.04193278279098
 20
129.8936514617682
 30
0.0
 42
1.0
  0
SEQEND
  5
141C
  8
0
 62
     1
  0
POLYLINE
  5
2C7
  8
0
 62
     1
 66
     1
 10
0.0
 20
0.0
 30
0.0
 70
     1
 40
0.2854870629294407
 41
0.2854870629294407
  0
VERTEX
  5
141D
  8
0
 62
     1
 10
264.60082350993309
 20
122.377039742934
 30
0.0
 42
1.0
  0
VERTEX
  5
141E
  8
0
 62
     1
 10
264.88631057286261
 20
122.377039742934
 30
0.0
 42
1.0
  0
SEQEND
  5
141F
  8
0
 62
     1
  0
POLYLINE
  5
2C8
  8
0
 62
     1
 66
     1
 10
0.0
 20
0.0
 30
0.0
 40
0.5709741258588814
 41
0.5709741258588814
  0
VERTEX
  5
1420
  8
0
 62
     1
 10
242.84353469857001
 20
127.92995724811421
 30
0.0
 42
-0.1893212559579176
  0
VERTEX
  5
1421
  8
0
 62
     1
 10
253.5092171747888
 20
130.44046196262079
 30
0.0
  0
SEQEND
  5
1422
  8
0
 62
     1
  0
POLYLINE
  5
2C9
  8
0
 62
     1
 66
     1
 10
0.0
 20
0.0
 30
0.0
 70
     1
 40
0.2854870629294407
 41
0.2854870629294407
  0
VERTEX
  5
1423
  8
0
 62
     1
 10
242.70079116710519
 20
127.92995724811421
 30
0.0
 42
1.0
  0
VERTEX
  5
1424
  8
0
 62
     1
 10
242.98627823003471
 20
127.92995724811421
 30
0.0
 42
1.0
  0
SEQEND
  5
1425
  8
0
 62
     1
  0
POLYLINE
  5
2CA
  8
0
 62
     1
 66
     1
 10
0.0
 20
0.0
 30
0.0
 70
     1
 40
0.2854870629294407
 41
0.2854870629294407
  0
VERTEX
  5
1426
  8
0
 62
     1
 10
253.36647364332379
 20
130.44046196262079
 30
0.0
 42
1.0
  0
VERTEX
  5
1427
  8
0
 62
     1
 10
253.65196070625339
 20
130.44046196262079
 30
0.0
 42
1.0
  0
SEQEND
  5
1428
  8
0
 62
     1
  0
POLYLINE
  5
2CB
  8
0
 62
     1
 66
     1
 10
0.0
 20
0.0
 30
0.0
 40
0.5709741258588814
 41
0.5709741258588814
  0
VERTEX
  5
1429
  8
0
 62
     1
 10
236.42235967916099
 20
116.6623995263452
 30
0.0
 42
-0.1863239303895051
  0
VERTEX
  5
142A
  8
0
 62
     1
 10
241.0105136233602
 20
126.43430194490961
 30
0.0
  0
SEQEND
  5
142B
  8
0
 62
     1
  0
POLYLINE
  5
2CC
  8
0
 62
     1
 66
     1
 10
0.0
 20
0.0
 30
0.0
 70
     1
 40
0.2854870629294407
 41
0.2854870629294407
  0
VERTEX
  5
142C
  8
0
 62
     1
 10
236.27961614769609
 20
116.6623995263452
 30
0.0
 42
1.0
  0
VERTEX
  5
142D
  8
0
 62
     1
 10
236.56510321062561
 20
116.6623995263452
 30
0.0
 42
1.0
  0
SEQEND
  5
142E
  8
0
 62
     1
  0
POLYLINE
  5
2CD
  8
0
 62
     1
 66
     1
 10
0.0
 20
0.0
 30
0.0
 70
     1
 40
0.2854870629294407
 41
0.2854870629294407
  0
VERTEX
  5
142F
  8
0
 62
     1
 10
240.8677700918953
 20
126.43430194490961
 30
0.0
 42
1.0
  0
VERTEX
  5
1430
  8
0
 62
     1
 10
241.15325715482479
 20
126.43430194490961
 30
0.0
 42
1.0
  0
SEQEND
  5
1431
  8
0
 62
     1
  0
POLYLINE
  5
2CE
  8
0
 62
     1
 66
     1
 10
0.0
 20
0.0
 30
0.0
 40
0.5709741258588814
 41
0.5709741258588814
  0
VERTEX
  5
1432
  8
0
 62
     1
 10
241.22210521492079
 20
104.5789426176888
 30
0.0
 42
-0.1878609807965813
  0
VERTEX
  5
1433
  8
0
 62
     1
 10
236.43787875590189
 20
114.3488694657776
 30
0.0
  0
SEQEND
  5
1434
  8
0
 62
     1
  0
POLYLINE
  5
2CF
  8
0
 62
     1
 66
     1
 10
0.0
 20
0.0
 30
0.0
 70
     1
 40
0.2854870629294407
 41
0.2854870629294407
  0
VERTEX
  5
1435
  8
0
 62
     1
 10
241.0793616834562
 20
104.5789426176888
 30
0.0
 42
1.0
  0
VERTEX
  5
1436
  8
0
 62
     1
 10
241.36484874638569
 20
104.5789426176888
 30
0.0
 42
1.0
  0
SEQEND
  5
1437
  8
0
 62
     1
  0
POLYLINE
  5
2D0
  8
0
 62
     1
 66
     1
 10
0.0
 20
0.0
 30
0.0
 70
     1
 40
0.2854870629294407
 41
0.2854870629294407
  0
VERTEX
  5
1438
  8
0
 62
     1
 10
236.29513522443699
 20
114.3488694657776
 30
0.0
 42
1.0
  0
VERTEX
  5
1439
  8
0
 62
     1
 10
236.58062228736659
 20
114.3488694657776
 30
0.0
 42
1.0
  0
SEQEND
  5
143A
  8
0
 62
     1
  0
POLYLINE
  5
2D1
  8
0
 62
     1
 66
     1
 10
0.0
 20
0.0
 30
0.0
 40
0.5709741258588814
 41
0.5709741258588814
  0
VERTEX
  5
143B
  8
0
 62
     1
 10
253.2633214577464
 20
100.73802251200109
 30
0.0
 42
-0.1788635674809976
  0
VERTEX
  5
143C
  8
0
 62
     1
 10
243.1405211803941
 20
103.0815401336589
 30
0.0
  0
SEQEND
  5
143D
  8
0
 62
     1
  0
POLYLINE
  5
2D2
  8
0
 62
     1
 66
     1
 10
0.0
 20
0.0
 30
0.0
 70
     1
 40
0.2854870629294407
 41
0.2854870629294407
  0
VERTEX
  5
143E
  8
0
 62
     1
 10
253.1205779262815
 20
100.73802251200109
 30
0.0
 42
1.0
  0
VERTEX
  5
143F
  8
0
 62
     1
 10
253.4060649892111
 20
100.73802251200109
 30
0.0
 42
1.0
  0
SEQEND
  5
1440
  8
0
 62
     1
  0
POLYLINE
  5
2D3
  8
0
 62
     1
 66
     1
 10
0.0
 20
0.0
 30
0.0
 70
     1
 40
0.2854870629294407
 41
0.2854870629294407
  0
VERTEX
  5
1441
  8
0
 62
     1
 10
242.99777764892951
 20
103.0815401336589
 30
0.0
 42
1.0
  0
VERTEX
  5
1442
  8
0
 62
     1
 10
243.28326471185889
 20
103.0815401336589
 30
0.0
 42
1.0
  0
SEQEND
  5
1443
  8
0
 62
     1
  0
POLYLINE
  5
2D4
  8
0
 62
     1
 66
     1
 10
0.0
 20
0.0
 30
0.0
 40
0.5709741258588814
 41
0.5709741258588814
  0
VERTEX
  5
1444
  8
0
 62
     1
 10
263.59488129499488
 20
106.931435952605
 30
0.0
 42
-0.1667499979194071
  0
VERTEX
  5
1445
  8
0
 62
     1
 10
255.6964705976813
 20
101.25553062071459
 30
0.0
  0
SEQEND
  5
1446
  8
0
 62
     1
  0
POLYLINE
  5
2D5
  8
0
 62
     1
 66
     1
 10
0.0
 20
0.0
 30
0.0
 70
     1
 40
0.2854870629294407
 41
0.2854870629294407
  0
VERTEX
  5
1447
  8
0
 62
     1
 10
263.45213776353017
 20
106.931435952605
 30
0.0
 42
1.0
  0
VERTEX
  5
1448
  8
0
 62
     1
 10
263.73762482645969
 20
106.931435952605
 30
0.0
 42
1.0
  0
SEQEND
  5
1449
  8
0
 62
     1
  0
POLYLINE
  5
2D6
  8
0
 62
     1
 66
     1
 10
0.0
 20
0.0
 30
0.0
 70
     1
 40
0.2854870629294407
 41
0.2854870629294407
  0
VERTEX
  5
144A
  8
0
 62
     1
 10
255.55372706621671
 20
101.25553062071459
 30
0.0
 42
1.0
  0
VERTEX
  5
144B
  8
0
 62
     1
 10
255.83921412914609
 20
101.25553062071459
 30
0.0
 42
1.0
  0
SEQEND
  5
144C
  8
0
 62
     1
  0
POLYLINE
  5
2D7
  8
0
 62
     1
 66
     1
 10
0.0
 20
0.0
 30
0.0
 40
0.5709741258588814
 41
0.5709741258588814
  0
VERTEX
  5
144D
  8
0
 62
     1
 10
257.59296115672151
 20
136.91500022383249
 30
0.0
 42
-0.2063229995145418
  0
VERTEX
  5
144E
  8
0
 62
     1
 10
271.13475449971668
 20
125.71679301939029
 30
0.0
  0
SEQEND
  5
144F
  8
0
 62
     1
  0
POLYLINE
  5
2D8
  8
0
 62
     1
 66
     1
 10
0.0
 20
0.0
 30
0.0
 70
     1
 40
0.2854870629294407
 41
0.2854870629294407
  0
VERTEX
  5
1450
  8
0
 62
     1
 10
257.45021762525693
 20
136.91500022383249
 30
0.0
 42
1.0
  0
VERTEX
  5
1451
  8
0
 62
     1
 10
257.73570468818627
 20
136.91500022383249
 30
0.0
 42
1.0
  0
SEQEND
  5
1452
  8
0
 62
     1
  0
POLYLINE
  5
2D9
  8
0
 62
     1
 66
     1
 10
0.0
 20
0.0
 30
0.0
 70
     1
 40
0.2854870629294407
 41
0.2854870629294407
  0
VERTEX
  5
1453
  8
0
 62
     1
 10
270.9920109682518
 20
125.71679301939029
 30
0.0
 42
1.0
  0
VERTEX
  5
1454
  8
0
 62
     1
 10
271.27749803118138
 20
125.71679301939029
 30
0.0
 42
1.0
  0
SEQEND
  5
1455
  8
0
 62
     1
  0
POLYLINE
  5
2DA
  8
0
 62
     1
 66
     1
 10
0.0
 20
0.0
 30
0.0
 40
0.5709741258588814
 41
0.5709741258588814
  0
VERTEX
  5
1456
  8
0
 62
     1
 10
238.41732043594681
 20
133.6316591910111
 30
0.0
 42
-0.1982378512105583
  0
VERTEX
  5
1457
  8
0
 62
     1
 10
254.90110364035979
 20
137.52210559237579
 30
0.0
  0
SEQEND
  5
1458
  8
0
 62
     1
  0
POLYLINE
  5
2DB
  8
0
 62
     1
 66
     1
 10
0.0
 20
0.0
 30
0.0
 70
     1
 40
0.2854870629294407
 41
0.2854870629294407
  0
VERTEX
  5
1459
  8
0
 62
     1
 10
238.2745769044821
 20
133.6316591910111
 30
0.0
 42
1.0
  0
VERTEX
  5
145A
  8
0
 62
     1
 10
238.56006396741159
 20
133.6316591910111
 30
0.0
 42
1.0
  0
SEQEND
  5
145B
  8
0
 62
     1
  0
POLYLINE
  5
2DC
  8
0
 62
     1
 66
     1
 10
0.0
 20
0.0
 30
0.0
 70
     1
 40
0.2854870629294407
 41
0.2854870629294407
  0
VERTEX
  5
145C
  8
0
 62
     1
 10
254.75836010889509
 20
137.52210559237579
 30
0.0
 42
1.0
  0
VERTEX
  5
145D
  8
0
 62
     1
 10
255.04384717182469
 20
137.52210559237579
 30
0.0
 42
1.0
  0
SEQEND
  5
145E
  8
0
 62
     1
  0
POLYLINE
  5
2DD
  8
0
 62
     1
 66
     1
 10
0.0
 20
0.0
 30
0.0
 40
0.5709741258588814
 41
0.5709741258588814
  0
VERTEX
  5
145F
  8
0
 62
     1
 10
229.20554363485019
 20
116.78342320206229
 30
0.0
 42
-0.19706506296515
  0
VERTEX
  5
1460
  8
0
 62
     1
 10
236.41377222830789
 20
132.00712360811741
 30
0.0
  0
SEQEND
  5
1461
  8
0
 62
     1
  0
POLYLINE
  5
2DE
  8
0
 62
     1
 66
     1
 10
0.0
 20
0.0
 30
0.0
 70
     1
 40
0.2854870629294407
 41
0.2854870629294407
  0
VERTEX
  5
1462
  8
0
 62
     1
 10
229.0628001033854
 20
116.78342320206229
 30
0.0
 42
1.0
  0
VERTEX
  5
1463
  8
0
 62
     1
 10
229.3482871663148
 20
116.78342320206229
 30
0.0
 42
1.0
  0
SEQEND
  5
1464
  8
0
 62
     1
  0
POLYLINE
  5
2DF
  8
0
 62
     1
 66
     1
 10
0.0
 20
0.0
 30
0.0
 70
     1
 40
0.2854870629294407
 41
0.2854870629294407
  0
VERTEX
  5
1465
  8
0
 62
     1
 10
236.27102869684339
 20
132.00712360811741
 30
0.0
 42
1.0
  0
VERTEX
  5
1466
  8
0
 62
     1
 10
236.55651575977271
 20
132.00712360811741
 30
0.0
 42
1.0
  0
SEQEND
  5
1467
  8
0
 62
     1
  0
POLYLINE
  5
2E0
  8
0
 62
     1
 66
     1
 10
0.0
 20
0.0
 30
0.0
 40
0.5709741258588814
 41
0.5709741258588814
  0
VERTEX
  5
1468
  8
0
 62
     1
 10
236.65653900714071
 20
98.986536541964057
 30
0.0
 42
-0.1986759527138054
  0
VERTEX
  5
1469
  8
0
 62
     1
 10
229.21635788479401
 20
114.2399732804939
 30
0.0
  0
SEQEND
  5
146A
  8
0
 62
     1
  0
POLYLINE
  5
2E1
  8
0
 62
     1
 66
     1
 10
0.0
 20
0.0
 30
0.0
 70
     1
 40
0.2854870629294407
 41
0.2854870629294407
  0
VERTEX
  5
146B
  8
0
 62
     1
 10
236.51379547567589
 20
98.986536541964057
 30
0.0
 42
1.0
  0
VERTEX
  5
146C
  8
0
 62
     1
 10
236.79928253860541
 20
98.986536541964057
 30
0.0
 42
1.0
  0
SEQEND
  5
146D
  8
0
 62
     1
  0
POLYLINE
  5
2E2
  8
0
 62
     1
 66
     1
 10
0.0
 20
0.0
 30
0.0
 70
     1
 40
0.2854870629294407
 41
0.2854870629294407
  0
VERTEX
  5
146E
  8
0
 62
     1
 10
229.07361435332919
 20
114.2399732804939
 30
0.0
 42
1.0
  0
VERTEX
  5
146F
  8
0
 62
     1
 10
229.3591014162586
 20
114.2399732804939
 30
0.0
 42
1.0
  0
SEQEND
  5
1470
  8
0
 62
     1
  0
POLYLINE
  5
2E3
  8
0
 62
     1
 66
     1
 10
0.0
 20
0.0
 30
0.0
 40
0.5709741258588814
 41
0.5709741258588814
  0
VERTEX
  5
1471
  8
0
 62
     1
 10
254.7943999957194
 20
93.6728115175884
 30
0.0
 42
-0.1922691734764058
  0
VERTEX
  5
1472
  8
0
 62
     1
 10
238.74624721037171
 20
97.348263321602133
 30
0.0
  0
SEQEND
  5
1473
  8
0
 62
     1
  0
POLYLINE
  5
2E4
  8
0
 62
     1
 66
     1
 10
0.0
 20
0.0
 30
0.0
 70
     1
 40
0.2854870629294407
 41
0.2854870629294407
  0
VERTEX
  5
1474
  8
0
 62
     1
 10
254.6516564642547
 20
93.6728115175884
 30
0.0
 42
1.0
  0
VERTEX
  5
1475
  8
0
 62
     1
 10
254.93714352718399
 20
93.6728115175884
 30
0.0
 42
1.0
  0
SEQEND
  5
1476
  8
0
 62
     1
  0
POLYLINE
  5
2E5
  8
0
 62
     1
 66
     1
 10
0.0
 20
0.0
 30
0.0
 70
     1
 40
0.2854870629294407
 41
0.2854870629294407
  0
VERTEX
  5
1477
  8
0
 62
     1
 10
238.60350367890689
 20
97.348263321602133
 30
0.0
 42
1.0
  0
VERTEX
  5
1478
  8
0
 62
     1
 10
238.88899074183641
 20
97.348263321602133
 30
0.0
 42
1.0
  0
SEQEND
  5
1479
  8
0
 62
     1
  0
POLYLINE
  5
2E6
  8
0
 62
     1
 66
     1
 10
0.0
 20
0.0
 30
0.0
 40
0.5709741258588814
 41
0.5709741258588814
  0
VERTEX
  5
147A
  8
0
 62
     1
 10
271.78014939313999
 20
106.8706728861311
 30
0.0
 42
-0.2258999930079679
  0
VERTEX
  5
147B
  8
0
 62
     1
 10
257.45759461096299
 20
94.257774509530819
 30
0.0
  0
SEQEND
  5
147C
  8
0
 62
     1
  0
POLYLINE
  5
2E7
  8
0
 62
     1
 66
     1
 10
0.0
 20
0.0
 30
0.0
 70
     1
 40
0.2854870629294407
 41
0.2854870629294407
  0
VERTEX
  5
147D
  8
0
 62
     1
 10
271.63740586167529
 20
106.8706728861311
 30
0.0
 42
1.0
  0
VERTEX
  5
147E
  8
0
 62
     1
 10
271.92289292460492
 20
106.8706728861311
 30
0.0
 42
1.0
  0
SEQEND
  5
147F
  8
0
 62
     1
  0
POLYLINE
  5
2E8
  8
0
 62
     1
 66
     1
 10
0.0
 20
0.0
 30
0.0
 70
     1
 40
0.2854870629294407
 41
0.2854870629294407
  0
VERTEX
  5
1480
  8
0
 62
     1
 10
257.31485107949823
 20
94.257774509530819
 30
0.0
 42
1.0
  0
VERTEX
  5
1481
  8
0
 62
     1
 10
257.60033814242769
 20
94.257774509530819
 30
0.0
 42
1.0
  0
SEQEND
  5
1482
  8
0
 62
     1
  0
POLYLINE
  5
2E9
  8
0
 62
     1
 66
     1
 10
0.0
 20
0.0
 30
0.0
 40
0.5709741258588814
 41
0.5709741258588814
  0
VERTEX
  5
1483
  8
0
 62
     1
 10
258.066549935674
 20
138.87819198025559
 30
0.0
 42
-0.2071638377556046
  0
VERTEX
  5
1484
  8
0
 62
     1
 10
272.92283991122139
 20
126.6511693373933
 30
0.0
  0
SEQEND
  5
1485
  8
0
 62
     1
  0
POLYLINE
  5
2EA
  8
0
 62
     1
 66
     1
 10
0.0
 20
0.0
 30
0.0
 70
     1
 40
0.2854870629294407
 41
0.2854870629294407
  0
VERTEX
  5
1486
  8
0
 62
     1
 10
257.92380640420942
 20
138.87819198025559
 30
0.0
 42
1.0
  0
VERTEX
  5
1487
  8
0
 62
     1
 10
258.20929346713859
 20
138.87819198025559
 30
0.0
 42
1.0
  0
SEQEND
  5
1488
  8
0
 62
     1
  0
POLYLINE
  5
2EB
  8
0
 62
     1
 66
     1
 10
0.0
 20
0.0
 30
0.0
 70
     1
 40
0.2854870629294407
 41
0.2854870629294407
  0
VERTEX
  5
1489
  8
0
 62
     1
 10
272.7800963797568
 20
126.6511693373933
 30
0.0
 42
1.0
  0
VERTEX
  5
148A
  8
0
 62
     1
 10
273.06558344268609
 20
126.6511693373933
 30
0.0
 42
1.0
  0
SEQEND
  5
148B
  8
0
 62
     1
  0
POLYLINE
  5
2EC
  8
0
 62
     1
 66
     1
 10
0.0
 20
0.0
 30
0.0
 40
0.5709741258588814
 41
0.5709741258588814
  0
VERTEX
  5
148C
  8
0
 62
     1
 10
237.17942569211979
 20
135.22626431022721
 30
0.0
 42
-0.1997842699465861
  0
VERTEX
  5
148D
  8
0
 62
     1
 10
255.29040521885301
 20
139.5027348986024
 30
0.0
  0
SEQEND
  5
148E
  8
0
 62
     1
  0
POLYLINE
  5
2ED
  8
0
 62
     1
 66
     1
 10
0.0
 20
0.0
 30
0.0
 70
     1
 40
0.2854870629294407
 41
0.2854870629294407
  0
VERTEX
  5
148F
  8
0
 62
     1
 10
237.036682160655
 20
135.22626431022721
 30
0.0
 42
1.0
  0
VERTEX
  5
1490
  8
0
 62
     1
 10
237.3221692235845
 20
135.22626431022721
 30
0.0
 42
1.0
  0
SEQEND
  5
1491
  8
0
 62
     1
  0
POLYLINE
  5
2EE
  8
0
 62
     1
 66
     1
 10
0.0
 20
0.0
 30
0.0
 70
     1
 40
0.2854870629294407
 41
0.2854870629294407
  0
VERTEX
  5
1492
  8
0
 62
     1
 10
255.14766168738839
 20
139.5027348986024
 30
0.0
 42
1.0
  0
VERTEX
  5
1493
  8
0
 62
     1
 10
255.43314875031771
 20
139.5027348986024
 30
0.0
 42
1.0
  0
SEQEND
  5
1494
  8
0
 62
     1
  0
POLYLINE
  5
2EF
  8
0
 62
     1
 66
     1
 10
0.0
 20
0.0
 30
0.0
 40
0.5709741258588814
 41
0.5709741258588814
  0
VERTEX
  5
1495
  8
0
 62
     1
 10
227.18717293890401
 20
116.8172705482431
 30
0.0
 42
-0.1989282088546891
  0
VERTEX
  5
1496
  8
0
 62
     1
 10
235.12860082685989
 20
133.56520922224371
 30
0.0
  0
SEQEND
  5
1497
  8
0
 62
     1
  0
POLYLINE
  5
2F0
  8
0
 62
     1
 66
     1
 10
0.0
 20
0.0
 30
0.0
 70
     1
 40
0.2854870629294407
 41
0.2854870629294407
  0
VERTEX
  5
1498
  8
0
 62
     1
 10
227.04442940743931
 20
116.8172705482431
 30
0.0
 42
1.0
  0
VERTEX
  5
1499
  8
0
 62
     1
 10
227.3299164703688
 20
116.8172705482431
 30
0.0
 42
1.0
  0
SEQEND
  5
149A
  8
0
 62
     1
  0
POLYLINE
  5
2F1
  8
0
 62
     1
 66
     1
 10
0.0
 20
0.0
 30
0.0
 70
     1
 40
0.2854870629294407
 41
0.2854870629294407
  0
VERTEX
  5
149B
  8
0
 62
     1
 10
234.98585729539519
 20
133.56520922224371
 30
0.0
 42
1.0
  0
VERTEX
  5
149C
  8
0
 62
     1
 10
235.27134435832451
 20
133.56520922224371
 30
0.0
 42
1.0
  0
SEQEND
  5
149D
  8
0
 62
     1
  0
POLYLINE
  5
2F2
  8
0
 62
     1
 66
     1
 10
0.0
 20
0.0
 30
0.0
 40
0.5709741258588814
 41
0.5709741258588814
  0
VERTEX
  5
149E
  8
0
 62
     1
 10
235.37976092534259
 20
97.422604152789063
 30
0.0
 42
-0.2005520198888869
  0
VERTEX
  5
149F
  8
0
 62
     1
 10
227.197153566624
 20
114.2095289401031
 30
0.0
  0
SEQEND
  5
14A0
  8
0
 62
     1
  0
POLYLINE
  5
2F3
  8
0
 62
     1
 66
     1
 10
0.0
 20
0.0
 30
0.0
 70
     1
 40
0.2854870629294407
 41
0.2854870629294407
  0
VERTEX
  5
14A1
  8
0
 62
     1
 10
235.23701739387789
 20
97.422604152789063
 30
0.0
 42
1.0
  0
VERTEX
  5
14A2
  8
0
 62
     1
 10
235.52250445680741
 20
97.422604152789063
 30
0.0
 42
1.0
  0
SEQEND
  5
14A3
  8
0
 62
     1
  0
POLYLINE
  5
2F4
  8
0
 62
     1
 66
     1
 10
0.0
 20
0.0
 30
0.0
 70
     1
 40
0.2854870629294407
 41
0.2854870629294407
  0
VERTEX
  5
14A4
  8
0
 62
     1
 10
227.05441003515921
 20
114.2095289401031
 30
0.0
 42
1.0
  0
VERTEX
  5
14A5
  8
0
 62
     1
 10
227.33989709808881
 20
114.2095289401031
 30
0.0
 42
1.0
  0
SEQEND
  5
14A6
  8
0
 62
     1
  0
POLYLINE
  5
2F5
  8
0
 62
     1
 66
     1
 10
0.0
 20
0.0
 30
0.0
 40
0.5709741258588814
 41
0.5709741258588814
  0
VERTEX
  5
14A7
  8
0
 62
     1
 10
255.22234510305049
 20
91.698028986410463
 30
0.0
 42
-0.1945949455990889
  0
VERTEX
  5
14A8
  8
0
 62
     1
 10
237.51764792531361
 20
95.745287721700919
 30
0.0
  0
SEQEND
  5
14A9
  8
0
 62
     1
  0
POLYLINE
  5
2F6
  8
0
 62
     1
 66
     1
 10
0.0
 20
0.0
 30
0.0
 70
     1
 40
0.2854870629294407
 41
0.2854870629294407
  0
VERTEX
  5
14AA
  8
0
 62
     1
 10
255.07960157158601
 20
91.698028986410463
 30
0.0
 42
1.0
  0
VERTEX
  5
14AB
  8
0
 62
     1
 10
255.3650886345153
 20
91.698028986410463
 30
0.0
 42
1.0
  0
SEQEND
  5
14AC
  8
0
 62
     1
  0
POLYLINE
  5
2F7
  8
0
 62
     1
 66
     1
 10
0.0
 20
0.0
 30
0.0
 70
     1
 40
0.2854870629294407
 41
0.2854870629294407
  0
VERTEX
  5
14AD
  8
0
 62
     1
 10
237.37490439384879
 20
95.745287721700919
 30
0.0
 42
1.0
  0
VERTEX
  5
14AE
  8
0
 62
     1
 10
237.66039145677831
 20
95.745287721700919
 30
0.0
 42
1.0
  0
SEQEND
  5
14AF
  8
0
 62
     1
  0
POLYLINE
  5
2F8
  8
0
 62
     1
 66
     1
 10
0.0
 20
0.0
 30
0.0
 40
0.5709741258588814
 41
0.5709741258588814
  0
VERTEX
  5
14B0
  8
0
 62
     1
 10
271.92813446708021
 20
102.8043321955543
 30
0.0
 42
-0.1868079428130116
  0
VERTEX
  5
14B1
  8
0
 62
     1
 10
257.95018540882393
 20
92.300486625569135
 30
0.0
  0
SEQEND
  5
14B2
  8
0
 62
     1
  0
POLYLINE
  5
2F9
  8
0
 62
     1
 66
     1
 10
0.0
 20
0.0
 30
0.0
 70
     1
 40
0.2854870629294407
 41
0.2854870629294407
  0
VERTEX
  5
14B3
  8
0
 62
     1
 10
271.7853909356154
 20
102.8043321955543
 30
0.0
 42
1.0
  0
VERTEX
  5
14B4
  8
0
 62
     1
 10
272.07087799854492
 20
102.8043321955543
 30
0.0
 42
1.0
  0
SEQEND
  5
14B5
  8
0
 62
     1
  0
POLYLINE
  5
2FA
  8
0
 62
     1
 66
     1
 10
0.0
 20
0.0
 30
0.0
 70
     1
 40
0.2854870629294407
 41
0.2854870629294407
  0
VERTEX
  5
14B6
  8
0
 62
     1
 10
257.80744187735922
 20
92.300486625569135
 30
0.0
 42
1.0
  0
VERTEX
  5
14B7
  8
0
 62
     1
 10
258.09292894028869
 20
92.300486625569135
 30
0.0
 42
1.0
  0
SEQEND
  5
14B8
  8
0
 62
     1
  0
POLYLINE
  5
2FB
  8
0
 62
     1
 66
     1
 10
0.0
 20
0.0
 30
0.0
 40
0.5709741258588814
 41
0.5709741258588814
  0
VERTEX
  5
14B9
  8
0
 62
     1
 10
259.73018582670647
 20
145.774611603582
 30
0.0
 42
-0.2094507269513683
  0
VERTEX
  5
14BA
  8
0
 62
     1
 10
279.21645931091348
 20
129.9140580770264
 30
0.0
  0
SEQEND
  5
14BB
  8
0
 62
     1
  0
POLYLINE
  5
2FC
  8
0
 62
     1
 66
     1
 10
0.0
 20
0.0
 30
0.0
 70
     1
 40
0.2854870629294407
 41
0.2854870629294407
  0
VERTEX
  5
14BC
  8
0
 62
     1
 10
259.58744229524171
 20
145.774611603582
 30
0.0
 42
1.0
  0
VERTEX
  5
14BD
  8
0
 62
     1
 10
259.87292935817118
 20
145.774611603582
 30
0.0
 42
1.0
  0
SEQEND
  5
14BE
  8
0
 62
     1
  0
POLYLINE
  5
2FD
  8
0
 62
     1
 66
     1
 10
0.0
 20
0.0
 30
0.0
 70
     1
 40
0.2854870629294407
 41
0.2854870629294407
  0
VERTEX
  5
14BF
  8
0
 62
     1
 10
279.07371577944872
 20
129.9140580770264
 30
0.0
 42
1.0
  0
VERTEX
  5
14C0
  8
0
 62
     1
 10
279.35920284237818
 20
129.9140580770264
 30
0.0
 42
1.0
  0
SEQEND
  5
14C1
  8
0
 62
     1
  0
POLYLINE
  5
2FE
  8
0
 62
     1
 66
     1
 10
0.0
 20
0.0
 30
0.0
 40
0.5709741258588814
 41
0.5709741258588814
  0
VERTEX
  5
14C2
  8
0
 62
     1
 10
232.83039571183019
 20
140.8285482383294
 30
0.0
 42
-0.2001496329474659
  0
VERTEX
  5
14C3
  8
0
 62
     1
 10
256.64242627095678
 20
146.38151142143991
 30
0.0
  0
SEQEND
  5
14C4
  8
0
 62
     1
  0
POLYLINE
  5
2FF
  8
0
 62
     1
 66
     1
 10
0.0
 20
0.0
 30
0.0
 70
     1
 40
0.2854870629294407
 41
0.2854870629294407
  0
VERTEX
  5
14C5
  8
0
 62
     1
 10
232.68765218036549
 20
140.8285482383294
 30
0.0
 42
1.0
  0
VERTEX
  5
14C6
  8
0
 62
     1
 10
232.9731392432949
 20
140.8285482383294
 30
0.0
 42
1.0
  0
SEQEND
  5
14C7
  8
0
 62
     1
  0
POLYLINE
  5
300
  8
0
 62
     1
 66
     1
 10
0.0
 20
0.0
 30
0.0
 70
     1
 40
0.2854870629294407
 41
0.2854870629294407
  0
VERTEX
  5
14C8
  8
0
 62
     1
 10
256.4996827394919
 20
146.38151142143991
 30
0.0
 42
1.0
  0
VERTEX
  5
14C9
  8
0
 62
     1
 10
256.78516980242148
 20
146.38151142143991
 30
0.0
 42
1.0
  0
SEQEND
  5
14CA
  8
0
 62
     1
  0
POLYLINE
  5
301
  8
0
 62
     1
 66
     1
 10
0.0
 20
0.0
 30
0.0
 40
0.5709741258588814
 41
0.5709741258588814
  0
VERTEX
  5
14CB
  8
0
 62
     1
 10
220.12357209152611
 20
116.9357248403939
 30
0.0
 42
-0.2033837200016932
  0
VERTEX
  5
14CC
  8
0
 62
     1
 10
230.65750799794429
 20
138.9857064081549
 30
0.0
  0
SEQEND
  5
14CD
  8
0
 62
     1
  0
POLYLINE
  5
302
  8
0
 62
     1
 66
     1
 10
0.0
 20
0.0
 30
0.0
 70
     1
 40
0.2854870629294407
 41
0.2854870629294407
  0
VERTEX
  5
14CE
  8
0
 62
     1
 10
219.9808285600615
 20
116.9357248403939
 30
0.0
 42
1.0
  0
VERTEX
  5
14CF
  8
0
 62
     1
 10
220.26631562299099
 20
116.9357248403939
 30
0.0
 42
1.0
  0
SEQEND
  5
14D0
  8
0
 62
     1
  0
POLYLINE
  5
303
  8
0
 62
     1
 66
     1
 10
0.0
 20
0.0
 30
0.0
 70
     1
 40
0.2854870629294407
 41
0.2854870629294407
  0
VERTEX
  5
14D1
  8
0
 62
     1
 10
230.51476446647959
 20
138.9857064081549
 30
0.0
 42
1.0
  0
VERTEX
  5
14D2
  8
0
 62
     1
 10
230.800251529409
 20
138.9857064081549
 30
0.0
 42
1.0
  0
SEQEND
  5
14D3
  8
0
 62
     1
  0
POLYLINE
  5
304
  8
0
 62
     1
 66
     1
 10
0.0
 20
0.0
 30
0.0
 40
0.5709741258588814
 41
0.5709741258588814
  0
VERTEX
  5
14D4
  8
0
 62
     1
 10
230.8817866345816
 20
91.913902883915114
 30
0.0
 42
-0.205387912475373
  0
VERTEX
  5
14D5
  8
0
 62
     1
 10
220.1261643140576
 20
114.1029166513227
 30
0.0
  0
SEQEND
  5
14D6
  8
0
 62
     1
  0
POLYLINE
  5
305
  8
0
 62
     1
 66
     1
 10
0.0
 20
0.0
 30
0.0
 70
     1
 40
0.2854870629294407
 41
0.2854870629294407
  0
VERTEX
  5
14D7
  8
0
 62
     1
 10
230.73904310311681
 20
91.913902883915114
 30
0.0
 42
1.0
  0
VERTEX
  5
14D8
  8
0
 62
     1
 10
231.02453016604639
 20
91.913902883915114
 30
0.0
 42
1.0
  0
SEQEND
  5
14D9
  8
0
 62
     1
  0
POLYLINE
  5
306
  8
0
 62
     1
 66
     1
 10
0.0
 20
0.0
 30
0.0
 70
     1
 40
0.2854870629294407
 41
0.2854870629294407
  0
VERTEX
  5
14DA
  8
0
 62
     1
 10
219.9834207825929
 20
114.1029166513227
 30
0.0
 42
1.0
  0
VERTEX
  5
14DB
  8
0
 62
     1
 10
220.26890784552239
 20
114.1029166513227
 30
0.0
 42
1.0
  0
SEQEND
  5
14DC
  8
0
 62
     1
  0
POLYLINE
  5
307
  8
0
 62
     1
 66
     1
 10
0.0
 20
0.0
 30
0.0
 40
0.5709741258588814
 41
0.5709741258588814
  0
VERTEX
  5
14DD
  8
0
 62
     1
 10
256.725411650409
 20
84.762006597714361
 30
0.0
 42
-0.2031335437476406
  0
VERTEX
  5
14DE
  8
0
 62
     1
 10
233.20183721966649
 20
90.114375150928197
 30
0.0
  0
SEQEND
  5
14DF
  8
0
 62
     1
  0
POLYLINE
  5
308
  8
0
 62
     1
 66
     1
 10
0.0
 20
0.0
 30
0.0
 70
     1
 40
0.2854870629294407
 41
0.2854870629294407
  0
VERTEX
  5
14E0
  8
0
 62
     1
 10
256.5826681189443
 20
84.762006597714361
 30
0.0
 42
1.0
  0
VERTEX
  5
14E1
  8
0
 62
     1
 10
256.86815518187382
 20
84.762006597714361
 30
0.0
 42
1.0
  0
SEQEND
  5
14E2
  8
0
 62
     1
  0
POLYLINE
  5
309
  8
0
 62
     1
 66
     1
 10
0.0
 20
0.0
 30
0.0
 70
     1
 40
0.2854870629294407
 41
0.2854870629294407
  0
VERTEX
  5
14E3
  8
0
 62
     1
 10
233.05909368820181
 20
90.114375150928197
 30
0.0
 42
1.0
  0
VERTEX
  5
14E4
  8
0
 62
     1
 10
233.3445807511313
 20
90.114375150928197
 30
0.0
 42
1.0
  0
SEQEND
  5
14E5
  8
0
 62
     1
  0
POLYLINE
  5
30A
  8
0
 62
     1
 66
     1
 10
0.0
 20
0.0
 30
0.0
 40
0.5709741258588814
 41
0.5709741258588814
  0
VERTEX
  5
14E6
  8
0
 62
     1
 10
279.8957358089653
 20
102.70497127817239
 30
0.0
 42
-0.2232581917505761
  0
VERTEX
  5
14E7
  8
0
 62
     1
 10
259.68930407929491
 20
85.393104299026334
 30
0.0
  0
SEQEND
  5
14E8
  8
0
 62
     1
  0
POLYLINE
  5
30B
  8
0
 62
     1
 66
     1
 10
0.0
 20
0.0
 30
0.0
 70
     1
 40
0.2854870629294407
 41
0.2854870629294407
  0
VERTEX
  5
14E9
  8
0
 62
     1
 10
279.75299227750048
 20
102.70497127817239
 30
0.0
 42
1.0
  0
VERTEX
  5
14EA
  8
0
 62
     1
 10
280.03847934043011
 20
102.70497127817239
 30
0.0
 42
1.0
  0
SEQEND
  5
14EB
  8
0
 62
     1
  0
POLYLINE
  5
30C
  8
0
 62
     1
 66
     1
 10
0.0
 20
0.0
 30
0.0
 70
     1
 40
0.2854870629294407
 41
0.2854870629294407
  0
VERTEX
  5
14EC
  8
0
 62
     1
 10
259.54656054783032
 20
85.393104299026334
 30
0.0
 42
1.0
  0
VERTEX
  5
14ED
  8
0
 62
     1
 10
259.83204761075979
 20
85.393104299026334
 30
0.0
 42
1.0
  0
SEQEND
  5
14EE
  8
0
 62
     1
  0
LINE
  5
984
  8
0
 10
0.0
 20
0.0
 30
0.0
 11
0.0000000000000098
 21
160.0
 31
0.0
  0
LINE
  5
985
  8
0
 10
0.0000000000000098
 20
160.0
 30
0.0
 11
300.0
 21
160.0
 31
0.0
  0
LINE
  5
986
  8
0
 10
300.0
 20
160.0
 30
0.0
 11
300.0
 21
0.0
 31
0.0
  0
LINE
  5
99F
  8
0
 10
0.0
 20
0.0
 30
0.0
 11
300.0
 21
0.0
 31
0.0
  0
ENDSEC
  0
EOF
